spotifyuri,Track Name,Artist Name,Album Name,Disc Number,Track Number,Track Duration (ms),Added By,Added At,Playlist Name,User Name,Password
spotify:track:0wpHo9ufyiNdbnr9lIe0B8,Enter the Unseen,Steven Goldmund,Deep Below,1,2,232385,spotify:user:,2019-01-10T22:30:48Z,sleep,Jing,Password
spotify:track:1uSaD0JKNb5o8Wv29zULwf,Heavenly,Elise Magnefold,Heavenly,1,1,179014,spotify:user:,2019-01-10T22:30:48Z,sleep,Jing,Password
spotify:track:1SJ4D06KVt9JygZ68vyjkj,Let Her Go,Amaranth Cove,All Around Us,1,2,183022,spotify:user:,2019-01-10T22:30:48Z,sleep,Jing,Password
spotify:track:4p7LooYAQniOpcNLunFnF3,Gone,Gavin Luke,Breath of Life,1,3,179166,spotify:user:,2019-01-10T22:30:48Z,sleep,Jing,Password
spotify:track:2k0lAgtTw0Ac3P1uDd2QJ2,Thinking Like The Flowers,Rand Aldo,Immerse,1,4,241716,spotify:user:,2019-01-10T22:30:48Z,sleep,Jing,Password
spotify:track:0TA4KpQK657wXKvW3X0Oxf,Soothe,Alan Ellis,All Behind Us,1,2,150125,spotify:user:,2019-01-10T22:30:48Z,sleep,Jing,Password
spotify:track:53sNuDhuyhtVTPNXbk4dEN,Mind-Drift,Steven Goldmund,Drift Off,1,2,240000,spotify:user:,2019-01-10T22:30:48Z,sleep,Jing,Password
spotify:track:5I3JZ3zvxKQMdp9rEcGkiR,Pads of Redemption,Masala Roo,Pads of Redemption,1,1,168536,spotify:user:,2019-01-10T22:30:48Z,sleep,Jing,Password
spotify:track:1mYTROYR85RaiaVEtQztis,Hibernation,Hushed,Hibernation,1,1,216678,spotify:user:,2019-01-10T22:30:48Z,sleep,Jing,Password
spotify:track:17Wjmh3nZzAywevzFHqJnx,Astral Therapy,Primer Dia,"Floating, Always",1,4,137172,spotify:user:,2019-01-10T22:30:48Z,sleep,Jing,Password
spotify:track:6tLFPu4tSmS5LccfUNtbN6,Beyond Barricades,Claes Nilsson,The Sleeper,1,2,168857,spotify:user:,2019-01-10T22:30:48Z,sleep,Jing,Password
spotify:track:3Wybg2sLkq2ZrA364KfQfz,Soul Lotion,Cadet de l'espace,Soul Lotion,1,1,210000,spotify:user:,2019-01-10T22:30:48Z,sleep,Jing,Password
spotify:track:45HRj3YdVgAOLbkSRiJ4l3,Floriscope,Floriscope,Floriscope,1,1,175082,spotify:user:,2019-01-10T22:30:48Z,sleep,Jing,Password
spotify:track:3Se2ifaSm69Np4OtyaNNKa,Endymion,Réka Ioescu,Endymion,1,1,152230,spotify:user:,2019-01-10T22:30:48Z,sleep,Jing,Password
spotify:track:4dnjEaI4F2OigWbi95JIDm,Between Moments,Rand Aldo,Tomorrow Will Save Us,1,3,116500,spotify:user:,2019-01-10T22:30:48Z,sleep,Jing,Password
spotify:track:7x8ILiGyZAFW3F0rPUPYxm,October,Regina Mira,October,1,2,108770,spotify:user:,2019-01-10T22:30:48Z,sleep,Jing,Password
spotify:track:42CQUucCi6h2gHB5BQfSbb,Owls,Ebb & Flod,Moonrise,1,2,146483,spotify:user:,2019-01-10T22:30:48Z,sleep,Jing,Password
spotify:track:5cpH1u4FeSQg3mZ7dRb1mj,Demi Sec,Sub-City Keys,Demi Sec,1,1,175934,spotify:user:,2019-01-10T22:30:48Z,sleep,Jing,Password
spotify:track:2DTi3hxKgiIJE1M9zwWvQB,No Struggle - No Progress,Jonathan Coffey,Truth Seeker,1,3,164675,spotify:user:,2019-01-10T22:30:48Z,sleep,Jing,Password
spotify:track:1b8hMNOq787OU4lAchJozZ,Dream 1 (before the wind blows it all away) - Pt. 1,Max Richter,Sleep,1,1,153101,spotify:user:,2019-01-10T22:30:48Z,sleep,Jing,Password
spotify:track:0eQZinXiAeZ75SRcJwuweI,Montauk,Martin Lindgaarden,Montauk,1,1,178974,spotify:user:,2019-01-10T22:30:48Z,sleep,Jing,Password
spotify:track:6cFTdXS8OY0Z5009mk3di8,Himalaya,Joseph McGrahl,Time,1,3,158949,spotify:user:,2019-01-10T22:30:48Z,sleep,Jing,Password
spotify:track:7KWhxUrK9ofPTn3ItWceR5,For the Love of Love,Novo Talos,For the Love of Love,1,1,143251,spotify:user:,2019-01-10T22:30:48Z,sleep,Jing,Password
spotify:track:5ZMpJvJRpTs8jPCFDbUqfM,Tell Me And I'll Forget,Rand Aldo,Time Is But A Wellspring,1,1,172569,spotify:user:,2019-01-10T22:30:48Z,sleep,Jing,Password
spotify:track:5Lb49aaOwrA5OCWz2yVZQp,Night In Burma,Joseph Beg,Gentle Arrival,1,4,208938,spotify:user:,2019-01-10T22:30:48Z,sleep,Jing,Password
spotify:track:1aa3A3F6b5FZFtXAhtrybK,Time Travel,Antologie,Time Travel,1,1,184642,spotify:user:,2019-01-10T22:30:48Z,sleep,Jing,Password
spotify:track:5l5vMjzs7XQ7DJfyWRuWed,Momento,Primer Dia,Temple Within,1,3,125538,spotify:user:,2019-01-10T22:30:48Z,sleep,Jing,Password
spotify:track:75D9esOK7ASfcREQAvbtql,Magica,Dream Runner,Magica,1,1,177214,spotify:user:,2019-01-10T22:30:48Z,sleep,Jing,Password
spotify:track:3ruGcz1vh9wdcLJ7IF4ek2,Dormiveglia,Benjamin Gustafsson,Presomnal,1,4,161020,spotify:user:,2019-01-10T22:30:48Z,sleep,Jing,Password
spotify:track:2ZOcIBtmGkwQeL1ZQxhCEy,Ava,Kasper Schill,Ava,1,1,168182,spotify:user:,2019-01-10T22:30:48Z,sleep,Jing,Password
spotify:track:6XDyO1ycRcaRfqLgXEDcQZ,Reverie,LUCHS,Chasing Cloud Nine,1,1,192850,spotify:user:,2019-01-10T22:30:48Z,sleep,Jing,Password
spotify:track:6RMjZgsE9IcQZqubTzLtDs,It Ends with Us,Steve Mokwebe,It Ends with Us,1,1,130191,spotify:user:,2019-01-10T22:30:48Z,sleep,Jing,Password
spotify:track:2gCd69plASs1CIhfArHlPQ,Floral Hymn,Echo Ark,Echo Ark,1,1,215750,spotify:user:,2019-01-10T22:30:48Z,sleep,Jing,Password
spotify:track:2whahz2VQOrE33jKPo5Wee,Still Now,MVS,Still Now,1,1,178932,spotify:user:,2019-01-10T22:30:48Z,sleep,Jing,Password
spotify:track:6LnG3cueIxb0SpZP3AfdUw,Triangle,Moon Laika,Triangle,1,1,106315,spotify:user:,2019-01-10T22:30:48Z,sleep,Jing,Password
spotify:track:1LQsAMbRfl2644biYjwHhz,Sway,Józef Gatysik,Sway,1,1,162448,spotify:user:,2019-01-10T22:30:48Z,sleep,Jing,Password
spotify:track:7LnU4vflcZ8fyuFaVxGtuN,The Book of Jen,Tedosio,The Book of Jen,1,1,167882,spotify:user:,2019-01-10T22:30:48Z,sleep,Jing,Password
spotify:track:0CQskMydQ8AhtKhJUAolvE,Tallis One,Samuel Lindon,Tallis One,1,1,117401,spotify:user:,2019-01-10T22:30:48Z,sleep,Jing,Password
spotify:track:02iKyyvlc3gZ8jLY04Mva1,Falling Forward,Trond Asker,Falling Forward,1,1,121750,spotify:user:,2019-01-10T22:30:48Z,sleep,Jing,Password
spotify:track:2p1PsXzDyK5vpFQueMlOmD,Mandala,Ivy Rue,Mandala,1,3,234242,spotify:user:,2019-01-10T22:30:48Z,sleep,Jing,Password
spotify:track:1dzc28LyRoVaw9FHYcsVx7,Paper Thin Reality,Ave Air,Paper Thin Reality,1,1,214073,spotify:user:,2019-01-10T22:30:48Z,sleep,Jing,Password
spotify:track:1jFwy6IBvTI01kzh9wSSV6,Interstatus,Steven Goldmund,Deep Below,1,3,245655,spotify:user:,2019-01-10T22:30:48Z,sleep,Jing,Password
spotify:track:00ak5WSrRYU0oPhh1oGr9f,A Fighting Chance,Trevor Kowalski,Degrees Of Separation,1,3,190684,spotify:user:,2019-01-10T22:30:48Z,sleep,Jing,Password
spotify:track:5OR4eaaENBzYsij6ZZGem6,Daenerys,Primer Dia,Shaman Dreams,1,1,185000,spotify:user:,2019-01-10T22:30:48Z,sleep,Jing,Password
spotify:track:33WEwYZVLUtuYOHSEtVBlg,Quarantine,Justin Hurwitz,First Man (Original Motion Picture Soundtrack),1,34,135106,spotify:user:,2019-01-10T22:30:48Z,sleep,Jing,Password
spotify:track:1hYEnW3hjGnnvTuEUlAD6h,Introspective,Josie O'Connor,Introspective,1,1,174375,spotify:user:,2019-01-10T22:30:48Z,sleep,Jing,Password
spotify:track:5FRXHIqQWQwIjy736eeESN,Endless Dreams,Vilhelm Brandt,Endless Dreams,1,1,187983,spotify:user:,2019-01-10T22:30:48Z,sleep,Jing,Password
spotify:track:049dXA0tNzvTYVIHILMY4j,The Gift,Gavin Luke,In This Moment,1,5,158574,spotify:user:,2019-01-10T22:30:48Z,sleep,Jing,Password
spotify:track:7uLFo7WHyKjEKi5Rm6qe2o,The Garden's Light,Trevor Kowalski,New Ambitions,1,3,193792,spotify:user:,2019-01-10T22:30:48Z,sleep,Jing,Password
spotify:track:5nMsoz257d3AbY8O8FC4Jx,Loveliness,Jean Petri,Moments of Tomorrow,1,1,110434,spotify:user:,2019-01-10T22:30:48Z,sleep,Jing,Password
spotify:track:49LQIdr4hToVH3JdvzTQYC,Soft Upon Your Face,Ave Air,Paper Thin Reality,1,4,194836,spotify:user:,2019-01-10T22:30:48Z,sleep,Jing,Password
spotify:track:1BpAKG4TNBqkgtv33pQySC,The Sleeper,Claes Nilsson,The Sleeper,1,1,159071,spotify:user:,2019-01-10T22:30:48Z,sleep,Jing,Password
spotify:track:14BDuD5GagBNTMrHekdBzM,Golden Chant,Joseph Beg,Gentle Arrival,1,3,310367,spotify:user:,2019-01-10T22:30:48Z,sleep,Jing,Password
spotify:track:2pypBNUUzViaP7Dswi9zpF,A Clear Mind,Julius Aston,A Clear Mind,1,1,173696,spotify:user:,2019-01-10T22:30:48Z,sleep,Jing,Password
spotify:track:5S7nfUHhiA3kfmyMPvhV6V,Divine Structure,Charlotte Funke,Episode,1,2,227874,spotify:user:,2019-01-10T22:30:48Z,sleep,Jing,Password
spotify:track:7Mr1C9U2R0bSyviqQ9IYuV,Breathe,Dilaz,In The Deep,1,4,216500,spotify:user:,2019-01-10T22:30:48Z,sleep,Jing,Password
spotify:track:1nPTaQHgrjKhSGb5ILEV47,Atoms,Ana Olgica,Atoms,1,1,139804,spotify:user:,2019-01-10T22:30:48Z,sleep,Jing,Password
spotify:track:07tUhErHb7K8bdOcwyvbuK,Unrequited,Josef Passagio,Unrequited,1,1,126229,spotify:user:,2019-01-10T22:30:48Z,sleep,Jing,Password
spotify:track:1nqq9YCuHGnk9YabcqH1bp,The Calm,Dream Runner,Voices of the Forest,1,4,157428,spotify:user:,2019-01-10T22:30:48Z,sleep,Jing,Password
spotify:track:3FBk3DcCOC5gkhX50rbHbC,Magnetic,Strange Imagining,Magnetic,1,1,172456,spotify:user:,2019-01-10T22:30:48Z,sleep,Jing,Password
spotify:track:4t1GRQrFiv50HmjYbUXooo,Solitude Island,Calm Shores,Fall Of A Raindrop,1,2,236529,spotify:user:,2019-01-10T22:30:48Z,sleep,Jing,Password
spotify:track:5inRFwMMBpjpHzKHT2f2fB,Only If,Limestone Quarry,Only If,1,1,140850,spotify:user:,2019-01-10T22:30:48Z,sleep,Jing,Password
spotify:track:4X7fW4opz287E8BXBMjVJI,Meadow,Sebastian Winskog,Meadow / Forests,1,1,163976,spotify:user:,2019-01-10T22:30:48Z,sleep,Jing,Password
spotify:track:1e3JUGxqyfe94XBFnWdP11,Talisman Stallion,Bela Nemeth,Talisman Stallion,1,1,120549,spotify:user:,2019-01-10T22:30:48Z,sleep,Jing,Password
spotify:track:7gpL5CorPuYBthvZkPPFGd,Glitching,Solvekin,Glitching,1,1,138798,spotify:user:,2019-01-10T22:30:48Z,sleep,Jing,Password
spotify:track:5NRhAVJrW5o4FK1OKKgbgQ,Lakeshore,Wolfgang Snow,Frostbite,1,2,150701,spotify:user:,2019-01-10T22:30:48Z,sleep,Jing,Password
spotify:track:504NLPDUBRylbZUUQR97XX,The Watchtower,Sigimund,The Watchtower,1,1,205577,spotify:user:,2019-01-10T22:30:48Z,sleep,Jing,Password
spotify:track:44rpvXgWhgUWmLUH12Nu58,Anona,Otto Totland,The Lost,1,4,207053,spotify:user:,2019-01-10T22:30:48Z,sleep,Jing,Password
spotify:track:0ntmnrnM7BqzocwsJeT2PK,Anasazi,Morongo,Anasazi,1,1,219469,spotify:user:,2019-01-10T22:30:48Z,sleep,Jing,Password
spotify:track:53gdJHHgCDSvJg5n3pNL0R,Divine,Amaranth Cove,All Around Us,1,3,194096,spotify:user:,2019-01-10T22:30:48Z,sleep,Jing,Password
spotify:track:1kbtQzzN5z8KjFZXfOH2H9,Crystal Clear,Johannes Bornlöf,The Road To Meteora,1,2,127200,spotify:user:,2019-01-10T22:30:48Z,sleep,Jing,Password
spotify:track:01T3AjynqSMVfiAQCAfrKJ,Evolutionistically Yours,Józef Gatysik,Evolutionistically Yours,1,1,160897,spotify:user:,2019-01-10T22:30:48Z,sleep,Jing,Password
spotify:track:5zRjeZL6xjT6f7c8dkHqrB,La,Nils Frahm,Screws,1,7,190405,spotify:user:,2019-01-10T22:30:48Z,sleep,Jing,Password
spotify:track:3yMTAa0lNBMjF4rwoWRSRp,Dealings,Jonatan Mollberg,Last Days Of July,1,2,175662,spotify:user:,2019-01-10T22:30:48Z,sleep,Jing,Password
spotify:track:4TxfZzrq0dH2Wmfl4dAjN9,Ella's Lullaby,Enno Aare,Enno Aare,1,1,220384,spotify:user:,2019-01-10T22:30:48Z,sleep,Jing,Password
spotify:track:30VnmNoXmeNMlDR6MxLP5U,Threads,Ebb & Flod,Moonrise,1,3,192793,spotify:user:,2019-01-10T22:30:48Z,sleep,Jing,Password
spotify:track:5JVtVJFun3pgNdDlUQlkOm,Introspection (Edit),Laraaji,Introspection (Edit),1,1,155411,spotify:user:,2019-01-10T22:30:48Z,sleep,Jing,Password
spotify:track:7jSQaXLzpLHjSQTev2krvT,Nemo Egg (Main Title),Thomas Newman,Finding Nemo (Original Motion Picture Soundtrack),1,3,76133,spotify:user:,2019-01-10T22:30:48Z,sleep,Jing,Password
spotify:track:7Bp4flLTs8PX9oP620atQF,"Floating, Always",Primer Dia,"Floating, Always",1,3,184230,spotify:user:,2019-01-10T22:30:48Z,sleep,Jing,Password
spotify:track:3OSr4tLBco2Me4WrexyoQR,Connection,Carl Borg,Tasteology Soundtrack,1,6,69818,spotify:user:,2019-01-10T22:30:48Z,sleep,Jing,Password
spotify:track:5EdblWf0gHqPPVhjQSLyLT,Vissel,José González,Vestiges & Claws,1,8,224773,spotify:user:,2019-01-10T22:30:48Z,sleep,Jing,Password
spotify:track:1F7vUCER63VfNzvZKTi2pn,Overture (For Other Halfs),Brian McBride,When the Detail Lost Its Freedom,1,1,398120,spotify:user:,2019-01-10T22:30:48Z,sleep,Jing,Password
spotify:track:2FcAtBp8X5Du0uumXpCYGD,"Floating, Floating",August Wilhelmsson,Transfixed,1,5,120000,spotify:user:,2019-01-10T22:30:48Z,sleep,Jing,Password
spotify:track:4ZqmGnpiF9yLu7zEsf7m1y,Les Chevaux,Matt van Stern,Simplistique,1,2,217500,spotify:user:,2019-01-10T22:30:48Z,sleep,Jing,Password
spotify:track:3kgu8TFddPdy6gSJaQSeij,Solitude,Daigo Hanada,Ichiru,1,10,166830,spotify:user:,2019-01-10T22:30:48Z,sleep,Jing,Password
spotify:track:1vNNRQ0CHwdr5Q68T05sNF,Mauve (Fughetta),Arden Forest,Sapphire,1,4,147530,spotify:user:,2019-01-10T22:30:48Z,sleep,Jing,Password
spotify:track:6gp6sejiJXYU1i6xHPf8hh,This Moment,Bela Nemeth,This Moment,1,1,154663,spotify:user:,2019-01-10T22:30:48Z,sleep,Jing,Password
spotify:track:557iYakWWJQeKbJS3UYMxG,Red Gold Yesterday,LUCHS,Dawning,1,3,138574,spotify:user:,2019-01-10T22:30:48Z,sleep,Jing,Password
spotify:track:2Ixv7ct5UPgvHb2si3uE9m,Breathe,Wilmer Norman,Soon,1,1,217000,spotify:user:,2019-01-10T22:30:48Z,sleep,Jing,Password
spotify:track:3SsXxuvEu20CnDg7LUNFDY,Solêr,Otto Totland,Pinô,1,4,155880,spotify:user:,2019-01-10T22:30:48Z,sleep,Jing,Password
spotify:track:2erBrCFQNgGeMKVta0XVcJ,Crossing Over,Les Clouds,Crossing Over,1,1,240000,spotify:user:,2019-01-10T22:30:48Z,sleep,Jing,Password
spotify:track:4WKJm0usdFOUQH5Y574WtZ,La Lluvia,Relajar,La Lluvia,1,1,198709,spotify:user:,2019-01-10T22:30:48Z,sleep,Jing,Password
spotify:track:5jxBweBbPFg53Ozudm6HrC,Faded Dreams,Aaron Lansing,Faded Dreams,1,1,111803,spotify:user:,2019-01-10T22:30:48Z,sleep,Jing,Password
spotify:track:14MR12RkIvXHeqgaJI0ngI,Two,Binary One,Minimalia,1,3,188731,spotify:user:,2019-01-10T22:30:48Z,sleep,Jing,Password
spotify:track:2tl1FkMOJBxILCVsIWO5gg,Closer,Dream Runner,Magica,1,2,126069,spotify:user:,2019-01-10T22:30:48Z,sleep,Jing,Password
spotify:track:7gi7v5tKoJ1R7yunvDeU5F,Deep Forest - Cello Version,Christopher Varela,Deep Forest (Strings Version),1,1,112843,spotify:user:,2019-01-10T22:30:48Z,sleep,Jing,Password
spotify:track:4pR77cbN8yZzk4mgMb8aHu,Sleepers Beat Theme,Ben Lukas Boysen,Late Night Tales: Jon Hopkins,1,1,277223,spotify:user:,2019-01-10T22:30:48Z,sleep,Jing,Password
spotify:track:5O5ADm6Aj2z5EvuT4JdT0l,Lunar Symphony,Coyote Oldman,Tear of the Moon,1,4,390560,spotify:user:,2019-01-10T22:30:48Z,sleep,Jing,Password
spotify:track:5G9rra29bm2HtXcyDtRf1y,Finding It There,Goldmund,The Malady Of Elegance,1,3,220186,spotify:user:,2019-01-10T22:30:48Z,sleep,Jing,Password
spotify:track:1oen1dD68x1ZUOhy6WePRG,Worlds Apart,Rick Hagen,Forever Vanished,1,2,99737,spotify:user:,2019-01-10T22:30:48Z,sleep,Jing,Password
spotify:track:2jhrGvTh7nalekgaCk4gTP,Wings of Glass,La Reve,Wings of Glass,1,1,175681,spotify:user:,2019-01-10T22:30:48Z,sleep,Jing,Password
spotify:track:2XEDcR9jHaHJD97TdjjNpF,Dawning,Lights From A Distance,Dawning,1,1,167746,spotify:user:,2019-01-10T22:30:48Z,sleep,Jing,Password
spotify:track:0tW204RLJbX8oocTStcA7U,Inner Journey,Deep Sleep,"Sleep Music: Lullabies to Help You Relax, Sleep, Meditate and Heal With Relaxing Piano Music, Nature Sounds and Natural Noise",1,13,153992,spotify:user:,2019-01-10T22:30:48Z,sleep,Jing,Password
spotify:track:7Jd0MqZq15T4pDWts2G6Yl,Emerald and Stone,"Brian Eno, Jon Hopkins, Leo Abrahams",Small Craft On A Milk Sea,1,13,132306,spotify:user:,2019-01-10T22:30:48Z,sleep,Jing,Password
spotify:track:5ff6FedsqhgHlRImvYsAwj,Beyond Voyager - Ambient Mix,Nucleus A.D.,Beyond Voyager,1,2,217603,spotify:user:,2019-01-10T22:30:48Z,sleep,Jing,Password
spotify:track:5HkfFg7ndFJ9DBIqX4fbhY,Sobraon Occasional,By Lotus,To Be Still,1,5,200175,spotify:user:,2019-01-10T22:30:48Z,sleep,Jing,Password
spotify:track:2MZSXhq4XDJWu6coGoXX1V,Avril 14th,Aphex Twin,Drukqs,1,9,125520,spotify:user:,2019-01-10T22:30:48Z,sleep,Jing,Password
spotify:track:2TOQzMaEqVVhdeheBVLOMm,The Giant,Dilia,The Giant,1,1,183686,spotify:user:,2019-01-10T22:30:48Z,sleep,Jing,Password
spotify:track:1DyJAS494qP85WAzYKHmr1,Degrees Of Separation,Trevor Kowalski,Degrees Of Separation,1,2,212863,spotify:user:,2019-01-10T22:30:48Z,sleep,Jing,Password
spotify:track:2JJz0U0hlpYZC3jD0nzjYi,Luna,Ebb & Flod,Luna,1,3,149632,spotify:user:,2019-01-10T22:30:48Z,sleep,Jing,Password
spotify:track:59jDSGDLBUjDB8fr2BgoT2,Dorotea,Hushed,In Dreams,1,4,205000,spotify:user:,2019-01-10T22:30:48Z,sleep,Jing,Password
spotify:track:1sGpjDlrzobaQW6nUPmVIR,An Ending (Ascent),Brian Eno,Pure Cinema Chillout,1,19,261493,spotify:user:,2019-01-10T22:30:48Z,sleep,Jing,Password
spotify:track:54MQc7UtIAogdoU5h0KNOP,Twinkling Star,Clark Ingram,Twinkling Star,1,1,170784,spotify:user:,2019-01-10T22:30:48Z,sleep,Jing,Password
spotify:track:3QsoPGMF4htRG0IWr6tW5z,Shimbashi,Edo Vibes,Edo Vibes,1,1,182166,spotify:user:,2019-01-10T22:30:48Z,sleep,Jing,Password
spotify:track:7BX9pdIbf4LkCIWmFYp3tN,Celtic Cowboy,Charlotte Funke,Celtic Cowboy,1,1,152000,spotify:user:,2019-01-10T22:30:48Z,sleep,Jing,Password
spotify:track:2C6BCDdtYjbbbAucqaw9NG,Squares of life,Piotr Miteska,Squares of Life,1,1,165034,spotify:user:,2019-01-10T22:30:48Z,sleep,Jing,Password
spotify:track:2arnhO5us8aYdi5kYBiQPa,Painting The Horizon,Deep Inside,Silent Shores,1,2,143777,spotify:user:,2019-01-10T22:30:48Z,sleep,Jing,Password
spotify:track:4KyJQKAFvEH4F52qSMuwIF,Olancha Farewell,Harold Budd,Lovely Thunder,1,4,138426,spotify:user:,2019-01-10T22:30:48Z,sleep,Jing,Password
spotify:track:6uWjjaiquXsjuQuks2mZME,Sugarcane,Ana Olgica,Sugarcane,1,1,144500,spotify:user:,2019-01-10T22:30:48Z,sleep,Jing,Password
spotify:track:5FoZCDCl6WhrAIm4Ygyjg7,Quiet Resource,Evelyn Stein,Quiet resource,1,1,207348,spotify:user:,2019-01-10T22:30:48Z,sleep,Jing,Password
spotify:track:2dv7Jf570NkaWlW7NcsYTa,Friendship Before Love,Cellophane Roses,Friendship Before Love,1,1,109544,spotify:user:,2019-01-10T22:30:48Z,sleep,Jing,Password
spotify:track:7CzyIeMXvK2BFc9rc6wqJf,Erin's Waltz,Per Magnusson,Erin's Waltz,1,1,197155,spotify:user:,2019-01-10T22:30:48Z,sleep,Jing,Password
spotify:track:5P8yZZg1zl6nAtgDEYFtsH,The Valley,Velodrome,Theme From Schindlers List,1,2,185853,spotify:user:,2019-01-10T22:30:48Z,sleep,Jing,Password
spotify:track:6efIeK8Md9RS43qoCTfM35,Vigil,"Jack Wall, EA Games Soundtrack",Mass Effect (EA Games Soundtrack),1,27,102480,spotify:user:,2019-01-10T22:30:48Z,sleep,Jing,Password
spotify:track:5nzGBQeLesWrD0J8Ctz75z,Sea Of Tranquility,Julius Aston,Sea Of Tranquility,1,1,175318,spotify:user:,2019-01-10T22:30:48Z,sleep,Jing,Password
spotify:track:4VH3rKj1tmhUZtX3U43jBq,The Whispers,Harold Budd,In The Mist,1,2,163000,spotify:user:,2019-01-10T22:30:48Z,sleep,Jing,Password
spotify:track:2Vrtd9aLbni8sI8RV1lmwh,Return of Infinity,Becca,Return of Infinity,1,1,158428,spotify:user:,2019-01-10T22:30:48Z,sleep,Jing,Password
spotify:track:7agnxnigAzIOP4zHAOXbsk,Reminisce in D,kvíðahópur,Reminisce in D,1,1,134220,spotify:user:,2019-01-10T22:30:48Z,sleep,Jing,Password
spotify:track:3DpqDWkcWia60JWJwbVbDq,Close,Lunaire,Close,1,2,208078,spotify:user:,2019-01-10T22:30:48Z,sleep,Jing,Password
spotify:track:5iTCS5NpZYK8wJLJkbcvJY,Words Of Amber,Ólafur Arnalds,For Now I Am Winter,1,5,202933,spotify:user:,2019-01-10T22:30:48Z,sleep,Jing,Password
spotify:track:1dbkagpr2xin2caRwm4PoQ,Reverse Pads,La-Mu,The High Lands of Tibet,1,2,214167,spotify:user:,2019-01-10T22:30:48Z,sleep,Jing,Password
spotify:track:6tIgg4Lw3DImnjDVOFWugE,At Peace,Lucina Chase,At Peace,1,1,118750,spotify:user:,2019-01-10T22:30:48Z,sleep,Jing,Password
spotify:track:10SGotpqSWPSvbIyMuWLS9,Theme from the Steps of Life,Belle Margaux,Catch the Fallen,1,2,72973,spotify:user:,2019-01-10T22:30:48Z,sleep,Jing,Password
spotify:track:2CX5QNXDNwqh87XhaVX9y7,Still Life,Hushed,In Dreams,1,3,158756,spotify:user:,2019-01-10T22:30:48Z,sleep,Jing,Password
spotify:track:3aWgBOVyv1dpxkofHDDHGe,A Glowing Heart,Deep Inside,Silent Shores,1,6,119187,spotify:user:,2019-01-10T22:30:48Z,sleep,Jing,Password
spotify:track:4HtGSunDdFD5QgCqI4zP29,Keep Breathing,Etheral Gust,Unspoken Words,1,1,177238,spotify:user:,2019-01-10T22:30:48Z,sleep,Jing,Password
spotify:track:10Fb5CydCmYW3lqQGjNb04,Chasing Cloud Nine,LUCHS,Chasing Cloud Nine,1,5,162407,spotify:user:,2019-01-10T22:30:48Z,sleep,Jing,Password
spotify:track:42ZTTDeBon4bTcSF3KA5F0,And The Flowers Were Gray,Evelyn Stein,And The Flowers Were Gray,1,1,171553,spotify:user:,2019-01-10T22:30:48Z,sleep,Jing,Password
spotify:track:4kgig1MUfc5p99MFYRRULy,Rapture,Aquasonic,Rapture,1,1,160000,spotify:user:,2019-01-10T22:30:48Z,sleep,Jing,Password
spotify:track:1kEPich1V2XkWWMh3kSTbb,Sweet Frederik,Phamie Gow,Beyond the Milky Way,1,6,159680,spotify:user:,2019-01-10T22:30:48Z,sleep,Jing,Password
spotify:track:2Ai5UUXyxaulVbompgrzlo,Pinô,Otto Totland,Pinô,1,7,165995,spotify:user:,2019-01-10T22:30:48Z,sleep,Jing,Password
spotify:track:5eIifmrzK2XxqiABsZhYGK,Balm (Scaled Down Version),Peter Sandberg,Balm,1,4,126937,spotify:user:,2019-01-10T22:30:48Z,sleep,Jing,Password
spotify:track:7LW1LiX6gMkHpwCXlaq63g,Aoi,Arden Forest,Sapphire,1,3,127750,spotify:user:,2019-01-10T22:30:48Z,sleep,Jing,Password
spotify:track:7ww76pqFaCvzJkXq3ZlRWi,Solution,Turquoise & Fire,Traummacher,1,2,99228,spotify:user:,2019-01-10T22:30:48Z,sleep,Jing,Password
spotify:track:1nhuTS6xotWZima4bQJUvX,A Presence Felt,Gavin Luke,The Crossing,1,4,184001,spotify:user:,2019-01-10T22:30:48Z,sleep,Jing,Password
spotify:track:7tiXaPmrIYPy2x8pYw5n2m,"Fragment, Pt. 1",Daigo Hanada,Ichiru,1,4,128042,spotify:user:,2019-01-10T22:30:48Z,sleep,Jing,Password
spotify:track:5KlC2hzT0q5KHTTShSlzE5,The Same Answer,"Dan Romer, Saul Simon MacWilliams, Osei Essed",Jim: The James Foley Story (Original Motion Picture Soundtrack),1,1,89146,spotify:user:,2019-01-10T22:30:48Z,sleep,Jing,Password
spotify:track:350OnYMO9dRxFJ7feR1YYv,La Torre Del Sueno,Meditaciónessa,Mariposas,1,2,230573,spotify:user:,2019-01-10T22:30:48Z,sleep,Jing,Password
spotify:track:1JhaLgkRU4M7GXfjMmsDAl,Cavatina,Tranquil Cove,Ambient Hits,1,4,204254,spotify:user:,2019-01-10T22:30:48Z,sleep,Jing,Password
spotify:track:5U463rClubkFesH8GRxJNa,Two Hearts,Sub-City Keys,Demi Sec,1,2,196000,spotify:user:,2019-01-10T22:30:48Z,sleep,Jing,Password
spotify:track:6ueAOxTi3uTlpmnq1lyAFE,Dream 11 (whisper music) - Pt. 1,Max Richter,Sleep,1,47,188936,spotify:user:,2019-01-10T22:30:48Z,sleep,Jing,Password
spotify:track:1D0DFmg1hvqz392xA0Bpw0,Water Clouds,"Ambientalism, Stefan Mothander",Water Clouds,1,1,175603,spotify:user:,2019-01-10T22:30:48Z,sleep,Jing,Password
spotify:track:3AKj2SIi4Z765IPjXgPnvL,Wake up Rested,Biqram,Slip into Darkness,1,2,185490,spotify:user:,2019-01-10T22:30:48Z,sleep,Jing,Password
spotify:track:1Ujn2n8YOeyXbUM4fAlN0A,Depths of Eternity,William Roud,Depths of Eternity,1,1,178370,spotify:user:,2019-01-10T22:30:48Z,sleep,Jing,Password
spotify:track:4M3PRvEd5Fe7mnAdL4l6FN,Reaching for Casterly,Ambient Solle,Morning in Waiting,1,2,177092,spotify:user:,2019-01-10T22:30:48Z,sleep,Jing,Password
spotify:track:1pfOyfuKafxJXajfsnU731,The Ones Left Behind,Martin Rapide,The Ones Left Behind,1,1,148987,spotify:user:,2019-01-10T22:30:48Z,sleep,Jing,Password
spotify:track:02edB4CCNTCA8qbKEjmAIE,Far Away Sounds up Close,Sleepaholics,Bits and Pieces,1,3,263998,spotify:user:,2019-01-10T22:30:48Z,sleep,Jing,Password
spotify:track:4ZyDRqls8dAig1XSfECoDS,Lost and Found,EIXE,Lost and Found,1,1,115109,spotify:user:,2019-01-10T22:30:48Z,sleep,Jing,Password
spotify:track:7MUBSWGaffRJ3ey7CjGCaZ,"Inside River, Pt. 2",Akira Kosemura,DNA,1,3,159394,spotify:user:,2019-01-10T22:30:48Z,sleep,Jing,Password
spotify:track:5OpOdnNT8P4aMvYFsmidPN,Dharana Focus,Yolta,Dharana Focus,1,1,171876,spotify:user:,2019-01-10T22:30:48Z,sleep,Jing,Password
spotify:track:1qgpt8lrYErtEnEtsMDINX,From Afar,High Blue Sky,From Afar,1,1,166470,spotify:user:,2019-01-10T22:30:48Z,sleep,Jing,Password
spotify:track:3kP2VckHqEVcpxgV5wlmtK,Translucent,Oscar Collin,If You Will,1,2,127169,spotify:user:,2019-01-10T22:30:48Z,sleep,Jing,Password
spotify:track:2e6uDYgJsa7rgIYzbNVoCi,Carry On,Novo Talos,Carry On,1,1,115484,spotify:user:,2019-01-10T22:30:48Z,sleep,Jing,Password
spotify:track:4vHAAUoPpwyyzxCJoRKOQE,Yoga Nidra,Meditation Spa,Piano Relaxation Music For Stress Relief And Healing,1,7,142706,spotify:user:,2019-01-10T22:30:48Z,sleep,Jing,Password
spotify:track:7nd51y4iaZaNLZcbAyQZWK,Healing Memories,Kumbhaka,Healing Memories,1,2,202305,spotify:user:,2019-01-10T22:30:48Z,sleep,Jing,Password
spotify:track:2h5ayIWSNyTFshP8JR8kZX,Bionic,Solvekin,Bionic,1,1,211303,spotify:user:,2019-01-10T22:30:48Z,sleep,Jing,Password
spotify:track:6jJkW2RUsOHCe4hiIk1tED,Quiet Dreams,MVS,Quiet Dreams,1,1,204909,spotify:user:,2019-01-10T22:30:48Z,sleep,Jing,Password
spotify:track:58M75fyfarDqc33r3CgWcv,From Dusk til Dark,Strange Imagining,From Dusk til Dark,1,1,187802,spotify:user:,2019-01-10T22:30:48Z,sleep,Jing,Password
spotify:track:402eCegPnC05HLdbx6Ds3r,Finally You Needed Me,Ageena,Finally You Needed Me,1,1,226693,spotify:user:,2019-01-10T22:30:48Z,sleep,Jing,Password
spotify:track:4qbZuBtFrD55ATmDPRrNOQ,Slip into Darkness,Biqram,Slip into Darkness,1,1,122176,spotify:user:,2019-01-10T22:30:48Z,sleep,Jing,Password
spotify:track:575NJxNUVDqwJGdzBrlLbv,Lost In Japan - Remix,"Shawn Mendes, Zedd",Lost In Japan (Remix),1,1,201253,spotify:user:,2019-03-01T20:28:07Z,cardio,Jing,Password
spotify:track:3llHPPHKJ9bBYh9pg9TBbf,Waterfall,"Petit Biscuit, Panama",Waterfall,1,1,207600,spotify:user:,2019-03-01T20:28:07Z,cardio,Jing,Password
spotify:track:6lZe9DbvrcHZ3Ot2O9BPRc,Feeling of Falling,"Cheat Codes, Kim Petras",Feeling of Falling,1,1,216789,spotify:user:,2019-03-01T20:28:07Z,cardio,Jing,Password
spotify:track:5yNEdBlZMxpcVtGKz5NFk5,Side Effects (feat. Emily Warren),"The Chainsmokers, Emily Warren",Sick Boy...Side Effects,1,1,173613,spotify:user:,2019-03-01T20:28:07Z,cardio,Jing,Password
spotify:track:2EWQudRqLIGfKDqjpzgL8Z,Time Alone (feat. The Griswolds),"Prince Fox, The Griswolds",Time Alone (feat. The Griswolds),1,1,214344,spotify:user:,2019-03-01T20:28:07Z,cardio,Jing,Password
spotify:track:7FjZU7XFs7P9jHI9Z0yRhK,So Close,"NOTD, Felix Jaehn, Captain Cuts, Georgia Ku",So Close (feat. Georgia Ku),1,1,190302,spotify:user:,2019-03-01T20:28:07Z,cardio,Jing,Password
spotify:track:3qLBz3j26AHO2jBYUQWLA6,Woke Up Late (feat. Hailee Steinfeld),"Drax Project, Hailee Steinfeld",Woke Up Late (feat. Hailee Steinfeld),1,1,181859,spotify:user:,2019-03-01T20:28:07Z,cardio,Jing,Password
spotify:track:2YX0K9fzoyqWpT5sgyzVXS,Wild Love - Jonas Blue Remix,"James Bay, Jonas Blue",Wild Love (Remixes),1,1,205706,spotify:user:,2019-03-01T20:28:07Z,cardio,Jing,Password
spotify:track:3gDEo3OPNyAs1jMwSebE24,Chasing Fire - Robin Schulz Remix,"Lauv, Robin Schulz",Chasing Fire (Robin Schulz Remix),1,1,217678,spotify:user:,2019-03-01T20:28:07Z,cardio,Jing,Password
spotify:track:0gPledTl1lMHeT9RM72jli,Love U Right,"Tritonal, Lourdiz",Love U Right,1,1,200625,spotify:user:,2019-03-01T20:28:07Z,cardio,Jing,Password
spotify:track:18W92Zm1KjLCbUIszOhpkD,I Wanna Know (feat. Bea Miller),"NOTD, Bea Miller",I Wanna Know (feat. Bea Miller),1,1,197938,spotify:user:,2019-03-01T20:28:07Z,cardio,Jing,Password
spotify:track:6dX62wjTHi9F1srVTjV89X,8 Letters - R3HAB Remix,"Why Don't We, R3HAB",8 Letters (R3HAB Remix),1,1,132232,spotify:user:,2019-03-01T20:28:07Z,cardio,Jing,Password
spotify:track:5Qnk8vP5g9l5SDQKU3qyYQ,Leave,"Borgeous, Jordyn Jones",Leave,1,1,193640,spotify:user:,2019-03-01T20:28:07Z,cardio,Jing,Password
spotify:track:53hNIcq8OLj9OUNvQ4ulFM,Love Me,"Felix Cartal, Lights",Love Me,1,1,194871,spotify:user:,2019-03-01T20:28:07Z,cardio,Jing,Password
spotify:track:14sOS5L36385FJ3OL8hew4,Happy Now,"Kygo, Sandro Cavazza",Happy Now,1,1,211362,spotify:user:,2019-03-01T20:28:07Z,cardio,Jing,Password
spotify:track:2Sy2oGjP5RYB4cLVoDU0Gz,Delicate - Seeb Remix,"Taylor Swift, Seeb",Delicate (Seeb Remix),1,1,173265,spotify:user:,2019-03-01T20:28:07Z,cardio,Jing,Password
spotify:track:3Iee2uf8UXOrOupQzfs1z5,Remember (with ZOHARA),"Gryffin, ZOHARA",Remember (with ZOHARA),1,1,221773,spotify:user:,2019-03-01T20:28:07Z,cardio,Jing,Password
spotify:track:59pC3ONM6ggVn0CYi0l1KD,SLOW DANCING IN THE DARK - Loud Luxury Remix,"Joji, Loud Luxury",SLOW DANCING IN THE DARK (Loud Luxury Remix),1,1,176413,spotify:user:,2019-03-01T20:28:07Z,cardio,Jing,Password
spotify:track:5EAq82aglKSO7tKya6mDLv,Summer Days - Galantis Remix,"A R I Z O N A, Galantis",Summer Days (Galantis Remix),1,1,161756,spotify:user:,2019-03-01T20:28:07Z,cardio,Jing,Password
spotify:track:7m9TBqff2j90JZZxXQNbsK,Love You Like That - Mark McCabe Remix,"Dagny, Mark McCabe",Love You Like That (Mark McCabe Remix),1,1,164026,spotify:user:,2019-03-01T20:28:07Z,cardio,Jing,Password
spotify:track:7GF0URC6CuIxq2fRcCCbrO,Almost Love - R3HAB Remix,"Sabrina Carpenter, R3HAB",Almost Love (R3HAB Remix),1,1,175000,spotify:user:,2019-03-01T20:28:07Z,cardio,Jing,Password
spotify:track:7mkm8ry8rZEzJ9C5wQZZrY,No Matter (Basic Tape vs. Frances),Basic Tape,No Matter (Basic Tape vs. Frances),1,1,191199,spotify:user:,2019-03-01T20:28:07Z,cardio,Jing,Password
spotify:track:0JumfyG7GUshFjxouEXwhw,You Deserve Better - Andrelli Remix,"James Arthur, Andrelli",You Deserve Better (Andrelli Remix),1,1,196493,spotify:user:,2019-03-01T20:28:07Z,cardio,Jing,Password
spotify:track:6jreFSOTUAViWjKyzOC4Kg,REMEDY,Alesso,REMEDY,1,1,190295,spotify:user:,2019-03-01T20:28:07Z,cardio,Jing,Password
spotify:track:1IjuevPDJ8Sa97wFwQ5j4V,Happier - Frank Walker Remix,"Marshmello, Bastille, Frank Walker",Happier (Remixes),1,1,196571,spotify:user:,2019-03-01T20:28:07Z,cardio,Jing,Password
spotify:track:542Xd5qDeLBvgXZXhfW7LE,Obsession (feat. Jon Bellion),"Vice, Jon Bellion",Obsession (feat. Jon Bellion),1,1,221982,spotify:user:,2019-03-01T20:28:07Z,cardio,Jing,Password
spotify:track:2YNVpj4AfBb3HN1QTqEcVB,Something Strange,"Vicetone, Haley Reinhart",Something Strange,1,1,189579,spotify:user:,2019-03-01T20:28:07Z,cardio,Jing,Password
spotify:track:67BEhVyQPe661gMYUyEhLw,I Like The Way,"Tyron Hapi, Liam Ferrari",I Like The Way,1,1,171000,spotify:user:,2019-03-01T20:28:07Z,cardio,Jing,Password
spotify:track:0w2CIOs32MeHgUOVgAsDt8,Naked - CADE Remix,"James Arthur, CADE",Naked (CADE Remix),1,1,236746,spotify:user:,2019-03-01T20:28:07Z,cardio,Jing,Password
spotify:track:6Et6OSJYZXrO44e0oXcOsf,Walking By,"Felix Cartal, Iselin",Next Season,1,4,218181,spotify:user:,2019-03-01T20:28:07Z,cardio,Jing,Password
spotify:track:5PYLyzLdl98hCjBrLRPnsO,Growing Pains - BRAVVO Remix,"Alessia Cara, BRAVVO",Growing Pains (Remixes Pt. 2),1,2,222853,spotify:user:,2019-03-01T20:28:07Z,cardio,Jing,Password
spotify:track:082dvln9geqoUZx79tQJ0I,Young,Ruth B.,Safe Haven,1,7,224733,spotify:user:,2019-03-01T20:28:07Z,cardio,Jing,Password
spotify:track:6AP7SrxDiQdIoyWZ32nTVm,Take It Back,"Jef Miles, Dom Fricot",Take It Back (Feat. Dom Fricot),1,1,220473,spotify:user:,2019-03-01T20:28:07Z,cardio,Jing,Password
spotify:track:3QCi7tzTX5RhlR9BI3CbMU,Forever on Your Side (feat. Kina Grannis),"Imaginary Future, Kina Grannis",Sunlight,1,1,242627,spotify:user:,2019-03-01T20:28:07Z,cardio,Jing,Password
spotify:track:0byab45cmZntz74RxcASrf,Close To Me (with Diplo) (feat. Swae Lee) - Felix Cartal Remix,"Ellie Goulding, Diplo, Swae Lee, Felix Cartal",Close To Me (Remixes),1,1,223533,spotify:user:,2019-03-01T20:28:07Z,cardio,Jing,Password
spotify:track:7vLIj2GVAeYrohv8p0JjF0,Sunrise,"ARTY, April Bender",Sunrise,1,1,198223,spotify:user:,2019-03-01T20:28:07Z,cardio,Jing,Password
spotify:track:7r4nPsLToVIPdsiEeZKF6Y,Thursday - Nicky Romero Remix,"Jess Glynne, Nicky Romero",Thursday (Nicky Romero Remix),1,1,217804,spotify:user:,2019-03-01T20:28:07Z,cardio,Jing,Password
spotify:track:14nIFzHQf1OBWf6VHVR8DF,Wherever You Go,"Jonas Blue, Jessie Reyez, Juan Magán",Blue,1,9,208946,spotify:user:,2019-03-01T20:28:07Z,cardio,Jing,Password
spotify:track:2xfJ2t8tEStlHR1uNUfwEy,U Found Me,Tritonal,U Found Me,1,1,275520,spotify:user:,2019-03-01T20:28:07Z,cardio,Jing,Password
spotify:track:5N4erncE7kuUccm7zEmwzk,Electricity (with Dua Lipa),"Silk City, Dua Lipa, Diplo, Mark Ronson",Electricity (with Dua Lipa),1,1,238173,spotify:user:,2019-03-01T20:28:07Z,cardio,Jing,Password
spotify:track:4ut5G4rgB1ClpMTMfjoIuy,High On Life (feat. Bonn),"Martin Garrix, Bonn",High On Life (feat. Bonn),1,1,230761,spotify:user:,2019-03-01T20:28:07Z,cardio,Jing,Password
spotify:track:6DrjofzZm5s8xpMn4IBMyI,The Way I Am - Eden Prince Remix,"Charlie Puth, Eden Prince",The Way I Am (Eden Prince Remix),1,1,192797,spotify:user:,2019-03-01T20:28:07Z,cardio,Jing,Password
spotify:track:7KjZtxdvksZZx3g7cm7TBa,Alive (The Edge),"Sam Feldt, ROOKIES",Sunrise To Sunset,2,2,193500,spotify:user:,2019-03-01T20:28:07Z,cardio,Jing,Password
spotify:track:60cxstE8pABTrgaEs0jCBI,Seventeen,Alessia Cara,Four Pink Walls,1,1,212933,spotify:user:,2019-03-01T20:28:07Z,cardio,Jing,Password
spotify:track:2njUxZ4151DWIrfIK3loFj,COPYCAT - Sofi Tukker Remix,"Billie Eilish, Sofi Tukker",COPYCAT (Sofi Tukker Remix),1,1,198684,spotify:user:,2019-03-01T20:28:07Z,cardio,Jing,Password
spotify:track:7MvSmQSG0iiZCQieeO9tNR,Better - noclue? Remix,"Khalid, noclue?",Better (noclue? Remix),1,1,212500,spotify:user:,2019-03-01T20:28:07Z,cardio,Jing,Password
spotify:track:3t0J8vI9StQD8KIBkT2Cp5,Tired - Kygo Remix,"Alan Walker, Gavin James, Kygo",Tired (Kygo Remix),1,1,240000,spotify:user:,2019-03-01T20:28:07Z,cardio,Jing,Password
spotify:track:4A3kxIKlVVZYFGJxRyj7bV,Party For One - Anki Remix,Carly Rae Jepsen,Party For One (Remixes),1,3,209392,spotify:user:,2019-03-01T20:28:07Z,cardio,Jing,Password
spotify:track:43ZeyBuql1TboyWE3ElHXj,In Time,"CAZZETTE, Brando",Stereo Mono,1,1,191954,spotify:user:,2019-03-01T20:28:07Z,cardio,Jing,Password
spotify:track:55a4T3yJwr1ZVcKEprSwXC,Emoji,Galantis,Emoji,1,1,151829,spotify:user:,2019-03-01T20:28:07Z,cardio,Jing,Password
spotify:track:4G34Ff0WzcHErtO0lCJAh0,Ready (feat. Zach Sorgen),"Tritonal, Sultan + Shepard, Zach Sorgen",Ready (feat. Zach Sorgen),1,1,247500,spotify:user:,2019-03-01T20:28:07Z,cardio,Jing,Password
spotify:track:2rpBUo2uuVjqIN2KUydSL8,Radio Silence - Ryan Riback Remix,"R3HAB, Jocelyn Alice, Ryan Riback",Radio Silence (Ryan Riback Remix),1,1,177125,spotify:user:,2019-03-01T20:28:07Z,cardio,Jing,Password
spotify:track:49uVH18E8TveD5iSGyhZS5,Words,Jasmine Thompson,Wonderland EP,1,7,218773,spotify:user:,2019-03-01T20:28:07Z,cardio,Jing,Password
spotify:track:02ilX7F0oF2kU0vrmknOfR,Blur - Felix Cartal Remix,"MØ, Felix Cartal",Blur (Felix Cartal Remix),1,1,238109,spotify:user:,2019-03-01T20:28:07Z,cardio,Jing,Password
spotify:track:2vMeBPjULSBy2kY2f9ocAj,Distance,"Nicky Romero, Olivia Holt",Distance,1,1,168000,spotify:user:,2019-03-01T20:28:07Z,cardio,Jing,Password
spotify:track:4tGRBza90rBP8VdmYO4M9J,I Am Free,Cosmos & Creature,I Am Free,1,1,200000,spotify:user:,2019-03-01T20:28:07Z,cardio,Jing,Password
spotify:track:40ZN3DCKsiw41kRO7JxoNZ,I Love It,"Cheat Codes, DVBBS",I Love It,1,1,163000,spotify:user:,2019-03-01T20:28:07Z,cardio,Jing,Password
spotify:track:1PxPkEvQJbDMyyBeKVhQNj,This Feeling,"IYES, Ryan Riback",This Feeling,1,1,198524,spotify:user:,2019-03-01T20:28:07Z,cardio,Jing,Password
spotify:track:3Kmcm8m9i6Be5LuWYgt47G,Feels Like,"Vicetone, Laur",Elements,1,4,191611,spotify:user:,2019-03-01T20:28:07Z,cardio,Jing,Password
spotify:track:0LWHDtiH5hDfpbg2FEfPdj,Keep Me Up,"Pusher, Sophie Simmons",Paperman,1,4,180820,spotify:user:,2019-03-01T20:28:07Z,cardio,Jing,Password
spotify:track:5w3TTTAo6DIEjQYO3vKZq0,All Nightmare Long,Metallica,Death Magnetic,1,5,477013,spotify:user:12137970152,2018-01-31T03:37:13Z,silver_void,Trey,Password
spotify:track:5faE3X6fmEaopBYtzX98SD,Living After Midnight,Disturbed,The Lost Children,1,16,265626,spotify:user:12127761446,2018-01-31T04:18:31Z,silver_void,Trey,Password
spotify:track:3FA9wGCQWqyoqWDPhsGtO1,The Nexus,Amaranthe,The Nexus,1,3,196040,spotify:user:12127761446,2018-01-31T04:20:33Z,silver_void,Trey,Password
spotify:track:2MvIMgtWyK88OiPi0J8Dg3,Psychosocial,Slipknot,All Hope Is Gone,1,4,283400,spotify:user:12137970152,2018-01-31T04:39:04Z,silver_void,Trey,Password
spotify:track:5W5riPbci6HLF2TkTd2VyA,Dawn of Victory - Re-Recorded,Rhapsody Of Fire,Legendary Years (Re-Recorded),1,1,284880,spotify:user:mangasempai,2018-01-31T04:41:48Z,silver_void,Trey,Password
spotify:track:5YwYXlINeKKdMhHpyKaPZd,Emerald Sword,Rhapsody Of Fire,Tales from the Emerald Sword Saga,1,5,260933,spotify:user:mangasempai,2018-01-31T04:42:58Z,silver_void,Trey,Password
spotify:track:3a9urnht8HvfFzPwd0ipx6,Holy Diver,Killswitch Engage,As Daylight Dies (Special Edition),1,15,250253,spotify:user:12137970152,2018-01-31T04:43:24Z,silver_void,Trey,Password
spotify:track:4XETJI7t8169KgdWezgKPL,Black Diamond - Remastered 2016,Stratovarius,Best Of,1,24,341000,spotify:user:mangasempai,2018-01-31T04:43:24Z,silver_void,Trey,Password
spotify:track:7Ipi0EC8ue2rTvOZ7oCP9v,Battlefield - Remastered 2017,Blind Guardian,A Night at the Opera (Remastered 2017),1,2,335586,spotify:user:1262795919,2018-01-31T04:44:23Z,silver_void,Trey,Password
spotify:track:3qGWbUWxJOO3ngmLjFJoWD,Hard & Fast,"Slash, Myles Kennedy And The Conspirators",Apocalyptic Love,1,11,182386,spotify:user:12127761446,2018-01-31T04:45:30Z,silver_void,Trey,Password
spotify:track:78mjaBatbfvwx5KJwI036H,Mz. Hyde,Halestorm,The Strange Case of... (Deluxe),1,2,202306,spotify:user:mangasempai,2018-01-31T04:45:45Z,silver_void,Trey,Password
spotify:track:6W21LNLz9Sw7sUSNWMSHRu,Freak On a Leash,Korn,Follow The Leader,1,2,255733,spotify:user:mangasempai,2018-01-31T04:46:29Z,silver_void,Trey,Password
spotify:track:1b5fRX8H8nwccMysihNbzG,Tear of the Goddess,Pentakill,II: Grasp of the Undying,1,3,234750,spotify:user:12127761446,2018-01-31T04:46:59Z,silver_void,Trey,Password
spotify:track:0wFMaHtHKDGyeTXsnzanOy,Lightbringer,Pentakill,Smite and Ignite,1,1,296160,spotify:user:12127761446,2018-01-31T04:47:15Z,silver_void,Trey,Password
spotify:track:6nULLS7CipGMSzgQDxDpd1,Bad Company,Five Finger Death Punch,War Is the Answer,1,12,262440,spotify:user:12137970152,2018-01-31T04:50:53Z,silver_void,Trey,Password
spotify:track:4nm9rEC2KiKeQFq3LbDfM0,Rebellion (The Clans Are Marching),Grave Digger,Masterpieces,1,1,244106,spotify:user:1262795919,2018-01-31T04:51:25Z,silver_void,Trey,Password
spotify:track:7tyXSlcKoimu8sb2SWKOmE,Our Final Stand,DragonForce,Reaching into Infinity (Special Edition),1,11,304186,spotify:user:12127761446,2018-01-31T04:51:50Z,silver_void,Trey,Password
spotify:track:6vS5siwSidItcWFXskcpAA,Our Truth,Lacuna Coil,Karmacode,1,3,243106,spotify:user:1262795919,2018-01-31T04:52:06Z,silver_void,Trey,Password
spotify:track:4UA3PrX0FPWmiBZfTxunz3,Duel of the Fates,Galactic Empire,Galactic Empire,1,3,253814,spotify:user:12127761446,2018-01-31T04:53:14Z,silver_void,Trey,Password
spotify:track:6ffqzH0cLZdKHuZB0rqec0,Plagues of Babylon,Iced Earth,Plagues of Babylon,1,1,467546,spotify:user:1262795919,2018-01-31T04:54:18Z,silver_void,Trey,Password
spotify:track:3nLrhwZBGpn3Hv8yVEnuzw,Stardust,Gemini Syndrome,Lux,1,5,228728,spotify:user:1262795919,2018-01-31T04:55:45Z,silver_void,Trey,Password
spotify:track:2P884dqfjksDMSzUZksfrS,Hells Bells,AC/DC,Who Made Who,1,6,312893,spotify:user:12127761446,2018-01-31T04:56:18Z,silver_void,Trey,Password
spotify:track:7fcfNW0XxTWlwVlftzfDOR,Walk,Pantera,Vulgar Display Of Power,1,3,315120,spotify:user:12137970152,2018-01-31T04:56:21Z,silver_void,Trey,Password
spotify:track:4eNnMvUrSu2TRpySjVC0Pv,Superbeast,Rob Zombie,Hellbilly Deluxe,1,2,220266,spotify:user:12137970152,2018-01-31T04:56:56Z,silver_void,Trey,Password
spotify:track:5dXhC3HFJZUcYWzJ59960b,Shoot to Thrill,AC/DC,Bonfire Box,5,2,317600,spotify:user:12127761446,2018-01-31T04:57:33Z,silver_void,Trey,Password
spotify:track:4vAHXnJ5YWLq5hbIVzZS1h,Spiders,System Of A Down,System Of A Down (Bonus Pack),1,5,215440,spotify:user:1262795919,2018-01-31T04:58:19Z,silver_void,Trey,Password
spotify:track:6LbRIYk8qZFftEa5Yu2gpJ,Bent To Fly,"Slash, Myles Kennedy And The Conspirators",World On Fire,1,6,296706,spotify:user:12127761446,2018-01-31T04:59:50Z,silver_void,Trey,Password
spotify:track:1nwbeMFrqDEIm21ysQKqxN,My Derailment,Adelitas Way,Adelitas Way,1,10,216920,spotify:user:12127761446,2018-01-31T05:00:26Z,silver_void,Trey,Password
spotify:track:0wvIGFIgbyz4JNwQhZgTv2,Rooster,Alice In Chains,Dirt,1,6,374333,spotify:user:12137970152,2018-01-31T05:00:30Z,silver_void,Trey,Password
spotify:track:1MQTmpYOZ6fcMQc56Hdo7T,Sleep Now In the Fire,Rage Against The Machine,The Battle Of Los Angeles,1,5,205600,spotify:user:1262795919,2018-01-31T05:00:34Z,silver_void,Trey,Password
spotify:track:0tZ3mElWcr74OOhKEiNz1x,Bulls On Parade,Rage Against The Machine,Evil Empire,1,2,229466,spotify:user:12137970152,2018-01-31T05:00:53Z,silver_void,Trey,Password
spotify:track:1ZtVN326V42hioNyRjU4P2,Colors,Crossfade,Crossfade,1,4,198533,spotify:user:1262795919,2018-01-31T05:01:18Z,silver_void,Trey,Password
spotify:track:4wZAghJMqYdxEaFOHtOc2C,Fraccions,Soen,Cognitive,1,2,296573,spotify:user:1262795919,2018-01-31T05:02:30Z,silver_void,Trey,Password
spotify:track:3fP8KXXUoBenEM46UZZgSG,Moist Vagina - 2013 Mix,Nirvana,In Utero - 20th Anniversary - Deluxe Edition,1,15,213453,spotify:user:1262795919,2018-01-31T05:03:33Z,silver_void,Trey,Password
spotify:track:5anCkDvJ17aznvK5TED5uo,Hail to the King,Avenged Sevenfold,Hail to the King,1,2,305906,spotify:user:12137970152,2018-01-31T05:03:40Z,silver_void,Trey,Password
spotify:track:7uSx9pDbxfFsXPyZ4pOm7H,"Atlas, Rise!",Metallica,Hardwired…To Self-Destruct,1,2,388624,spotify:user:12137970152,2018-01-31T05:04:36Z,silver_void,Trey,Password
spotify:track:7MHkweinOceprzkRWIYTTc,Spit Out the Bone,Metallica,Hardwired…To Self-Destruct,2,6,429198,spotify:user:12137970152,2018-01-31T05:04:50Z,silver_void,Trey,Password
spotify:track:3MXA2BkBk0lSuMpRoM7SK2,The Trooper - 1998 Remastered Version,Iron Maiden,Piece of Mind (1998 Remastered Version),1,5,250946,spotify:user:12137970152,2018-01-31T05:07:40Z,silver_void,Trey,Password
spotify:track:61mWefnWQOLf90gepjOCb3,Duality,Slipknot,Vol. 3: The Subliminal Verses [Special Package],1,4,252613,spotify:user:12137970152,2018-01-31T05:08:07Z,silver_void,Trey,Password
spotify:track:4pvljOTffL98X3b9x86HRu,Hallowed Be Thy Name - 1998 Remastered Version,Iron Maiden,The Number of the Beast (1998 Remastered Version),1,9,432506,spotify:user:1262795919,2018-01-31T05:08:36Z,silver_void,Trey,Password
spotify:track:0bEaULBObLN7yJebgoWYpw,Mama (Don't Take My Drugs Away),Bobaflex,Anything That Moves,1,5,216109,spotify:user:1262795919,2018-01-31T05:10:00Z,silver_void,Trey,Password
spotify:track:5tjEFjXJZOiFYfUsH1L6D3,Bury Me With My Guns,Bobaflex,Hell In My Heart,1,3,214533,spotify:user:1262795919,2018-01-31T05:10:08Z,silver_void,Trey,Password
spotify:track:1tNwmvBPL9709aVvg2bzbB,You,Everclear,Black Is The New Black,1,5,232020,spotify:user:1262795919,2018-01-31T05:11:06Z,silver_void,Trey,Password
spotify:track:4WJNMSihHL8e4hs9SkBq9C,Break Stuff,Limp Bizkit,Significant Other,1,4,166706,spotify:user:12137970152,2018-01-31T05:11:47Z,silver_void,Trey,Password
spotify:track:3K8hcmiEnCiVFqqHoMMz4q,I Get It,Chevelle,Vena Sera,1,10,234986,spotify:user:1262795919,2018-01-31T05:12:09Z,silver_void,Trey,Password
spotify:track:5bU4KX47KqtDKKaLM4QCzh,Die MF Die,Dope,Life,1,6,186066,spotify:user:12137970152,2018-01-31T05:14:25Z,silver_void,Trey,Password
spotify:track:77VW8u6inET54YAKN1RSnd,Twisted Transistor,Korn,See You On the Other Side,1,1,188933,spotify:user:12137970152,2018-01-31T05:16:51Z,silver_void,Trey,Password
spotify:track:5mGxQUIVcP37KegJZxaZaa,The Heart From Your Hate,Trivium,The Heart From Your Hate,1,1,243853,spotify:user:1276732684,2018-01-31T05:17:45Z,silver_void,Trey,Password
spotify:track:3gADBuiNvtYo6Xu9cGjm5V,The Last Stand,Sabaton,The Last Stand,1,7,235840,spotify:user:1276732684,2018-01-31T05:17:53Z,silver_void,Trey,Password
spotify:track:37sHvmfucR93McUcq0UNhp,Eye Of The Storm,September Mourning,Eye Of The Storm,1,1,181875,spotify:user:1276732684,2018-01-31T05:18:36Z,silver_void,Trey,Password
spotify:track:0Hxty2K8F2DrrCXQyQVpBo,You Spin Me Round (Like A Record),Dope,Felons and Revolutionaries,1,14,163666,spotify:user:12137970152,2018-01-31T05:18:38Z,silver_void,Trey,Password
spotify:track:06WohfoFEUa5faNy8f9S5N,Adrenalize,In This Moment,Blood,1,3,255773,spotify:user:1276732684,2018-01-31T05:19:22Z,silver_void,Trey,Password
spotify:track:1yYr4D1KjhhyDD5bZIiFQy,In Waves,Trivium,In Waves (Special Edition),1,2,302466,spotify:user:1276732684,2018-01-31T05:19:37Z,silver_void,Trey,Password
spotify:track:4Ku3OOZWR4tpKNCVFXILY8,You Only Live Once,Suicide Silence,The Black Crown,1,4,192560,spotify:user:mangasempai,2018-01-31T05:20:28Z,silver_void,Trey,Password
spotify:track:6jc5gHCmrZW1XLcRM3wFlC,"Hey Man, Nice Shot - Remastered Version",Filter,Short Bus,1,1,314440,spotify:user:1262795919,2018-01-31T05:20:32Z,silver_void,Trey,Password
spotify:track:2MMrjobPrVLrozyfFXsFJx,Becoming the Bull,Atreyu,Lead Sails Paper Anchor,1,4,220600,spotify:user:12137970152,2018-01-31T05:20:37Z,silver_void,Trey,Password
spotify:track:25mSOE3LW1IREKGhSeRUVx,Ascendancy,Trivium,Ascendancy,1,5,265480,spotify:user:1276732684,2018-01-31T05:21:24Z,silver_void,Trey,Password
spotify:track:03zYFtluA21jFWQVPMbUYO,Only for the Weak,In Flames,Clayman (Reissue 2014),1,3,295226,spotify:user:1276732684,2018-01-31T05:21:35Z,silver_void,Trey,Password
spotify:track:0rSdhfeQmYAfzO3kcjsCpg,Whore,In This Moment,Blood,1,4,245533,spotify:user:1276732684,2018-01-31T05:21:52Z,silver_void,Trey,Password
spotify:track:3AqydzHbn8KtlKxymfe1fG,Widower,Make Them Suffer,Neverbloom,1,9,278000,spotify:user:1276732684,2018-01-31T05:21:55Z,silver_void,Trey,Password
spotify:track:005drRcJJFgFHgtxSJJO0v,Fuck Everything,Suicide Silence,The Black Crown,1,5,273613,spotify:user:12137970152,2018-01-31T05:22:14Z,silver_void,Trey,Password
spotify:track:3RVg6RZvfOLrw4pqjVNbQr,To Hell and Back,Sabaton,Heroes,1,5,206546,spotify:user:mangasempai,2018-01-31T05:22:40Z,silver_void,Trey,Password
spotify:track:6G1r9YfIWGGnhg240AU1o1,The Things We Believe In,Orden Ogan,To the End,1,3,306047,spotify:user:1262795919,2018-01-31T05:22:46Z,silver_void,Trey,Password
spotify:track:6dHvSzATLME9M6BCo2si7f,Primo Victoria,Sabaton,Primo Victoria (Re-Armed),1,1,250720,spotify:user:mangasempai,2018-01-31T05:22:58Z,silver_void,Trey,Password
spotify:track:6xgO2ICtpT8jDcYvVsCKIB,Wrong Side of Heaven,Five Finger Death Punch,"The Wrong Side of Heaven and the Righteous Side of Hell, Vol. 1",1,4,271000,spotify:user:1276732684,2018-01-31T05:23:11Z,silver_void,Trey,Password
spotify:track:7qjbpdk0IYijcSuSYWlXO6,Jekyll and Hyde,Five Finger Death Punch,Got Your Six (Deluxe),1,2,206894,spotify:user:1276732684,2018-01-31T05:23:20Z,silver_void,Trey,Password
spotify:track:1hPKSQuvfLlPeIu8xhRyTf,Until The World Goes Cold,Trivium,Silence In The Snow (Special Edition),1,7,321161,spotify:user:1276732684,2018-01-31T05:23:39Z,silver_void,Trey,Password
spotify:track:5QLH7zAdcAJLgR25gtvtoK,Lost In The Static,After The Burial,Dig Deep,1,2,273194,spotify:user:1276732684,2018-01-31T05:23:45Z,silver_void,Trey,Password
spotify:track:6iIPoZ7ZxAZjk5Q8cCJo1p,The Matriarch,Unleash The Archers,Apex,1,3,242360,spotify:user:1276732684,2018-01-31T05:23:56Z,silver_void,Trey,Password
spotify:track:5Hzto0vLxLb8GfkUtu6ZJK,Drink,Alestorm,Sunset On The Golden Age,1,2,202586,spotify:user:mangasempai,2018-01-31T05:26:09Z,silver_void,Trey,Password
spotify:track:2yzV2Mibk7V29pINPAGvvZ,Sangreal,Septicflesh,Communion,1,8,316986,spotify:user:1262795919,2018-01-31T05:26:38Z,silver_void,Trey,Password
spotify:track:4FthwGFz9SVZgCVqxNXsSK,Invincible,Adelitas Way,Adelitas Way,1,1,190133,spotify:user:12127761446,2018-01-31T05:26:54Z,silver_void,Trey,Password
spotify:track:3ASbm9YFt3Ei9KeFctnVC9,Hector's Hymn,Hammerfall,(r)Evolution (Bonus Version),1,1,354026,spotify:user:mangasempai,2018-01-31T05:27:03Z,silver_void,Trey,Password
spotify:track:3f5484zXKfSKaqeDUDKBkN,Vortex (Interdimensional Spiral Hindering Inexplicable Euphoria),Make Them Suffer,Worlds Apart,1,4,236250,spotify:user:1276732684,2018-01-31T05:27:07Z,silver_void,Trey,Password
spotify:track:0ZUPWnw89a0iLfNdcUiIm3,Anthem,Iced Earth,Dystopia,1,2,294613,spotify:user:mangasempai,2018-01-31T05:27:36Z,silver_void,Trey,Password
spotify:track:03jdl5GTBhKsgB1Yw8mVPh,In Between,Beartooth,Disgusting,1,4,213576,spotify:user:12137970152,2018-01-31T05:27:40Z,silver_void,Trey,Password
spotify:track:5tXPbEbEouMSEbqQHO0qQa,Move,Thousand Foot Krutch,The Art Of Breaking,1,7,208693,spotify:user:12137970152,2018-01-31T05:29:03Z,silver_void,Trey,Password
spotify:track:0pRBe5fl0ZuoWhdEcAIbXS,Sabbath Bloody Sabbath,Black Sabbath,Sabbath Bloody Sabbath (Remastered),1,1,346637,spotify:user:1276732684,2018-01-31T05:29:52Z,silver_void,Trey,Password
spotify:track:3OvPTXzFtF6ABmlykTwlg3,Dream Eater,Separations,Dream Eater,1,2,209399,spotify:user:1276732684,2018-01-31T05:29:58Z,silver_void,Trey,Password
spotify:track:3WeWaUyTww9gLKmimlwm5w,Ruin,Lamb of God,As The Palaces Burn,1,1,234266,spotify:user:mangasempai,2018-01-31T05:31:10Z,silver_void,Trey,Password
spotify:track:47IWLfIKOKhFnz1FUEUIkE,A Boy Brushed Red Living In Black And White,Underoath,They're Only Chasing Safety,1,2,268000,spotify:user:1276732684,2018-01-31T05:32:18Z,silver_void,Trey,Password
spotify:track:4E6wpXABj8XosZEPXZz2OK,Bleed,Meshuggah,ObZen,1,3,442733,spotify:user:mangasempai,2018-01-31T05:32:27Z,silver_void,Trey,Password
spotify:track:6KtT5rn2kKZDHKCuhkXXSR,Island in the Mist,Dark Sarah,The Puzzle,1,2,282466,spotify:user:1276732684,2018-01-31T05:32:28Z,silver_void,Trey,Password
spotify:track:71E4oAn3RYFzqZzVwMze6a,Remnants Echo,Oracles,Miserycorde,1,7,299765,spotify:user:1276732684,2018-01-31T05:32:40Z,silver_void,Trey,Password
spotify:track:6HkH25hffaxe1MeDkQsLhe,I Want To Fuck You To Death,Huntress,Starbound Beast,1,3,220946,spotify:user:1276732684,2018-01-31T05:34:16Z,silver_void,Trey,Password
spotify:track:0WZZENH0kt3O2cBE8q5IRq,War Eternal,Arch Enemy,War Eternal,1,3,256053,spotify:user:mangasempai,2018-01-31T05:34:21Z,silver_void,Trey,Password
spotify:track:5soMJpcVhSrGrB4prvPL6P,Rip & Tear,Mick Gordon,Doom (Original Game Soundtrack),1,2,257734,spotify:user:mangasempai,2018-01-31T05:35:30Z,silver_void,Trey,Password
spotify:track:2ZQo43TnA0XBUvPHSUfe2F,Looking Down The Barrel Of Today,Hatebreed,The Concrete Confessional,1,2,161626,spotify:user:12137970152,2018-01-31T05:37:34Z,silver_void,Trey,Password
spotify:track:4qjvr0qMFUo26SxwC4VygS,Linchpin,Fear Factory,Digimortal,1,5,204853,spotify:user:mangasempai,2018-01-31T05:38:24Z,silver_void,Trey,Password
spotify:track:6gsM7xmG68XjOuXtUjS4Rg,Warriors,Solence,Warriors,1,1,174687,spotify:user:1262795919,2018-01-31T05:39:22Z,silver_void,Trey,Password
spotify:track:0QV3swr7L8MZr72lL2izV1,Hardwired,Metallica,Hardwired…To Self-Destruct (Deluxe),1,1,189347,spotify:user:12137970152,2018-01-31T05:41:03Z,silver_void,Trey,Password
spotify:track:4UEo1b0wWrtHMC8bVqPiH8,Nightmare,Avenged Sevenfold,Nightmare,1,1,374453,spotify:user:12137970152,2018-01-31T05:43:26Z,silver_void,Trey,Password
spotify:track:7lmeHLHBe4nmXzuXc0HDjk,Testify,Rage Against The Machine,The Battle Of Los Angeles,1,1,210133,spotify:user:12137970152,2018-01-31T05:45:16Z,silver_void,Trey,Password
spotify:track:14EORgkbXqIx5K4Haucmnb,Absolute Zero,Stone Sour,House of Gold & Bones Part 1,1,2,229840,spotify:user:12137970152,2018-01-31T05:48:42Z,silver_void,Trey,Password
spotify:track:6p2liQLGoDaLXgND68bfVt,Coming Undone,Korn,See You On the Other Side,1,9,199773,spotify:user:12137970152,2018-01-31T05:48:47Z,silver_void,Trey,Password
spotify:track:4ZmX8elKMkH0MfniNi0Adu,House of The Rising Sun,Five Finger Death Punch,"The Wrong Side Of Heaven And The Righteous Side Of Hell, Volume 2",1,12,247388,spotify:user:12137970152,2018-01-31T05:50:28Z,silver_void,Trey,Password
spotify:track:6fZ7qlznlZR244lPyh2oxh,Cryin' Like A Bitch!!,Godsmack,The Oracle,1,1,201666,spotify:user:12137970152,2018-01-31T05:59:13Z,silver_void,Trey,Password
spotify:track:7gOgA3f40DgmOuTn1ZQHno,Heaven Wasn't Built To Hold Me,Four Year Strong,"In Some Way, Shape, Or Form.",1,8,185880,spotify:user:kieyull,2018-01-31T16:01:31Z,silver_void,Trey,Password
spotify:track:5Q6ViafzbPK1W2pyccVMhi,Stolen Credit Card!,Four Year Strong,Four Year Strong,1,5,231027,spotify:user:kieyull,2018-01-31T16:01:53Z,silver_void,Trey,Password
spotify:track:25HhZqSzVNwcyoj8fTOMeB,Of Mice And Men,Megadeth,Warchest,3,17,244973,spotify:user:kieyull,2018-01-31T16:02:15Z,silver_void,Trey,Password
spotify:track:12wHH8gewvmdVT6sISkSCF,The World Needs a Hero,Megadeth,The World Needs a Hero,1,2,232000,spotify:user:kieyull,2018-01-31T16:02:23Z,silver_void,Trey,Password
spotify:track:4E5xVW505akJX0wcKj8Mpd,Tornado Of Souls - Remastered 2004,Megadeth,Rust In Peace,1,7,319042,spotify:user:kieyull,2018-01-31T16:02:29Z,silver_void,Trey,Password
spotify:track:6NwbeybX6TDtXlpXvnUOZC,Master Of Puppets,Metallica,Master Of Puppets,1,2,516293,spotify:user:kieyull,2018-01-31T16:03:17Z,silver_void,Trey,Password
spotify:track:1hvXfgrFC8oVgBiD0qwpKJ,Ride The Lightning,Metallica,Ride The Lightning,1,2,396266,spotify:user:kieyull,2018-01-31T16:03:23Z,silver_void,Trey,Password
spotify:track:3O8Ntjn2ZsB6SI24KTAVtL,The Four Horsemen,Metallica,Kill 'Em All,1,2,432666,spotify:user:kieyull,2018-01-31T16:03:29Z,silver_void,Trey,Password
spotify:track:1LDAh7QQnWvp3GJ9QDa1Pj,Seek & Destroy,Metallica,Kill 'Em All,1,9,415400,spotify:user:kieyull,2018-01-31T16:03:35Z,silver_void,Trey,Password
spotify:track:778GIlVSA9nvmIJy8syYuP,What's in the Box?,Four Year Strong,Go Down in History,1,1,187293,spotify:user:kieyull,2018-01-31T16:03:54Z,silver_void,Trey,Password
spotify:track:6tYhjIafCWWg6EaVvM1b9W,"Fire, Fire",Heaven's Basement,Filthy Empire (Explicit),1,2,257320,spotify:user:kieyull,2018-01-31T16:04:05Z,silver_void,Trey,Password
spotify:track:4TFimC8dg0YXuG5Yne2RtW,Heretics & Killers,Protest The Hero,Kezia,1,2,189600,spotify:user:kieyull,2018-01-31T16:04:17Z,silver_void,Trey,Password
spotify:track:0trCwMj9kgudGTqUVDbvbp,A Bid Farewell,Killswitch Engage,The End Of Heartache [Special Edition],1,1,237560,spotify:user:kieyull,2018-01-31T16:04:25Z,silver_void,Trey,Password
spotify:track:4g3QZlvz39UllCcRXDZ0Do,Sulfur,Slipknot,All Hope Is Gone,1,3,277800,spotify:user:kieyull,2018-01-31T16:05:55Z,silver_void,Trey,Password
spotify:track:6U1Ea66MokhLy6kt7drO65,Blame It On This Song,"Chunk! No, Captain Chunk!",Blame It On This Song,1,1,210857,spotify:user:kieyull,2018-01-31T16:06:07Z,silver_void,Trey,Password
spotify:track:2Hd7nmh9Gq9NUKhjzqBhMv,Renegade 86',letlive.,Fake History,1,3,215413,spotify:user:kieyull,2018-01-31T16:07:22Z,silver_void,Trey,Password
spotify:track:7AimHQrOUoUTYbVX87D3Zl,96 Quite Bitter Beings,CKY,"Camp Kill Yourself, Vol.1",1,1,201920,spotify:user:kieyull,2018-01-31T16:07:53Z,silver_void,Trey,Password
spotify:track:3WRTADbL0criwvX6IQFex2,Six,All That Remains,The Fall Of Ideals,1,7,202440,spotify:user:kieyull,2018-01-31T18:28:02Z,silver_void,Trey,Password
spotify:track:3htNWAURTQyS8qe6MFbEzt,The Air That I Breathe,All That Remains,The Fall Of Ideals,1,9,214533,spotify:user:kieyull,2018-01-31T18:28:09Z,silver_void,Trey,Password
spotify:track:7EJ1EkOf5XULjnJITWVd30,From The Outside,All That Remains,For We Are Many,1,7,214346,spotify:user:kieyull,2018-01-31T18:28:43Z,silver_void,Trey,Password
spotify:track:2xKICvRJBIHFBYZiTKg3Rq,Africa,Affiance,Africa,1,1,254866,spotify:user:12127761446,2018-02-01T00:42:42Z,silver_void,Trey,Password
spotify:track:1GTbxcxcwLSY2cVtFSJBlW,The Road Home to Panther Creek,Maylene And The Sons Of Disaster,Maylene & the Sons of Disaster,1,2,199800,spotify:user:kieyull,2018-02-08T16:09:14Z,silver_void,Trey,Password
spotify:track:0UYICmfmri2Ex4dXwBDnBM,Gusty Like the Wind,Maylene And The Sons Of Disaster,Maylene & the Sons of Disaster,1,5,237733,spotify:user:kieyull,2018-02-08T16:09:24Z,silver_void,Trey,Password
spotify:track:4rdxL7moE2rnUGIfNMWXMM,Lady At the Gate,Maylene And The Sons Of Disaster,Maylene & the Sons of Disaster,1,7,178400,spotify:user:kieyull,2018-02-08T16:09:30Z,silver_void,Trey,Password
spotify:track:4SAeLRKTvdvEKUvpYIoBzT,The Sinner,Memphis May Fire,The Hollow,1,1,242066,spotify:user:kieyull,2018-02-08T16:10:51Z,silver_void,Trey,Password
spotify:track:4pVmA9mRD6FYrVQYhi8lEF,The Seduction,He Is Legend,I Am Hollywood,1,1,230400,spotify:user:kieyull,2018-02-08T16:11:49Z,silver_void,Trey,Password
spotify:track:2M5WTwqnkyz7bW6P1CiD6q,I'm Broken,Pantera,Far Beyond Driven,1,4,264800,spotify:user:kieyull,2018-02-08T16:51:03Z,silver_void,Trey,Password
spotify:track:6wDVNn4STCopwfQ9lFO2iR,Blow Me Away - Featuring Valora,"Breaking Benjamin, Valora",Shallow Bay: The Best Of Breaking Benjamin (Explicit),1,13,189320,spotify:user:zoeiria,2018-02-10T02:35:00Z,silver_void,Trey,Password
spotify:track:3xXKwkmkrpZmGpIof83xbE,So Cold,Breaking Benjamin,Shallow Bay: The Best Of Breaking Benjamin (Explicit),1,4,273040,spotify:user:zoeiria,2018-02-10T02:35:18Z,silver_void,Trey,Password
spotify:track:5m9uiFH9sK5wxRZdfN62n9,The Diary Of Jane,Breaking Benjamin,Shallow Bay: The Best Of Breaking Benjamin (Explicit),1,7,200213,spotify:user:zoeiria,2018-02-10T02:35:23Z,silver_void,Trey,Password
spotify:track:4XS3e0ojS7ieVtpyqgAfic,Snake Devil,Scary Kids Scaring Kids,Scary Kids Scaring Kids,1,11,210253,spotify:user:kieyull,2018-02-10T21:58:12Z,silver_void,Trey,Password
spotify:track:1MWX21tn8xU6XelNgNo3om,Why Walk On Water When We've Got Boats,A Day To Remember,For Those Who Have Heart Re-Issue,1,16,114520,spotify:user:kieyull,2018-02-26T15:05:42Z,silver_void,Trey,Password
spotify:track:3L12dlHEFjoaMz2sn2CWK6,Rattlesnake!,A Static Lullaby,Rattlesnake!,1,1,213506,spotify:user:kieyull,2018-02-26T16:41:21Z,silver_void,Trey,Password
spotify:track:7akSWR8b2LrMnfh0ceChbj,Afterlife,Avenged Sevenfold,Avenged Sevenfold (Explicit Version),1,4,352426,spotify:user:kieyull,2018-03-01T21:18:48Z,silver_void,Trey,Password
spotify:track:716VLmM0LEb03WjVsp1c1z,Zombie (Metal Cover) [Feat. Stine Vea Moracchioli],"Leo, Stine Vea Moracchioli","Metal Covers, Vol. 10",1,1,297845,spotify:user:12127761446,2018-03-05T20:41:54Z,silver_void,Trey,Password
spotify:track:676z61jraS43HoLu3Tc9dB,Big Sky Theory,Dozer,Through The Eyes Of Heathens,1,10,508306,spotify:user:1262795919,2018-03-07T18:38:10Z,silver_void,Trey,Password
spotify:track:4m6KDnPHC6QBvG0UBjuEbm,The Greatest Story Ever Told,Ice Nine Kills,Safe Is Just A Shadow,1,9,262160,spotify:user:kieyull,2018-03-15T17:25:48Z,silver_void,Trey,Password
spotify:track:27ce3PuoDdndLsktG0RvfV,Blood,In This Moment,Rise of the Blood Legion- The Best of (Chapter 1),1,12,207746,spotify:user:kieyull,2018-03-16T20:39:09Z,silver_void,Trey,Password
spotify:track:5RuJi4S1gXw4Ulhgh8aJ9e,Calling,Strung Out,Blackhawks Over Los Angeles,1,1,259853,spotify:user:1262795919,2018-04-26T15:41:39Z,silver_void,Trey,Password
spotify:track:2EmoLA4h7M6Hqt8dkD9FTp,Cult of the New Beat,Blood Command,Funeral Beach,1,3,277150,spotify:user:1262795919,2018-04-26T20:29:09Z,silver_void,Trey,Password
spotify:track:4ZPiXqYvgzY3Ilo2gM0BQb,Hunger,Amaranthe,Amaranthe,1,2,192826,spotify:user:12137970152,2018-05-01T06:09:51Z,silver_void,Trey,Password
spotify:track:0y22IU9eyXT0WWDBCgz42g,Loser,Beartooth,Aggressive,1,3,239360,spotify:user:12137970152,2018-05-09T02:25:59Z,silver_void,Trey,Password
spotify:track:146WlS9r7BCTXmBFccN7eX,Promises,Hopes Die Last,Wolfpack,1,5,258969,spotify:user:kieyull,2018-05-09T22:08:59Z,silver_void,Trey,Password
spotify:track:3dy66DlYLO6JomjxBpyeyQ,Nameless Faceless,Fozzy,All That Remains Reloaded,1,1,208773,spotify:user:12127761446,2018-07-21T06:36:18Z,silver_void,Trey,Password
spotify:track:3BScnE0ZSZ3xMs8NyY1ZLP,Pushed Away,"Tristam, Rogue",Smashing Newbs,1,1,244033,spotify:user:12137970152,2019-02-03T18:03:06Z,silver_void,Trey,Password
spotify:track:3HrvOaJJfVfe3C2TboSh7Y,Guardian,Tristam,Smashing Newbs,1,2,218853,spotify:user:12137970152,2019-02-03T18:03:06Z,silver_void,Trey,Password
spotify:track:6QJ97Cm8f0ffMRqvSvDiHU,Young and Free,Tristam,Smashing Newbs,1,3,205941,spotify:user:12137970152,2019-02-03T18:03:06Z,silver_void,Trey,Password
spotify:track:0CTF8NHjZ2zqhg4JIhB3Ki,Blood Money (feat. Clean Kill),"Tristam, Clean Kill",Smashing Newbs,1,4,293469,spotify:user:12137970152,2019-02-03T18:03:06Z,silver_void,Trey,Password
spotify:track:5zmDqYtgaTZXCBAVJ7XMj8,Hawkling Street (feat. Miggel),"Tristam, Miggel",Smashing Newbs,1,5,229633,spotify:user:12137970152,2019-02-03T18:03:06Z,silver_void,Trey,Password
spotify:track:2PdAJQB3Vzr0tLwJDD2NIY,You Clearly Let It Show,Tristam,Smashing Newbs,1,6,216152,spotify:user:12137970152,2019-02-03T18:03:06Z,silver_void,Trey,Password
spotify:track:4ZUY3AnnXxfLUJtPFalmJI,Pigskin,Hollywood Undead,Notes From The Underground - Unabridged (Deluxe),1,6,161266,spotify:user:12137970152,2019-01-21T09:34:59Z,maybe_good,Trey,Password
spotify:track:1w8BRprH6Qwn5bT6NrEC7I,Flight of Icarus,Iron Maiden,Piece of Mind,1,3,231120,spotify:user:12137970152,2019-01-21T10:24:43Z,maybe_good,Trey,Password
spotify:track:1Qf7H7d1TNP8VfPVDRLY0D,For Those About to Rock (We Salute You),AC/DC,Who Made Who,1,9,353693,spotify:user:12137970152,2019-01-21T10:36:38Z,maybe_good,Trey,Password
spotify:track:30CRH2F09kox3BDGdfDwNo,雑音の雨,Marty Friedman,LOUDSPEAKER,1,9,171013,spotify:user:12137970152,2019-01-23T12:52:48Z,maybe_good,Trey,Password
spotify:track:7iLeu3HnJt7hkxfrqO55V4,Anything Goes,Guns N' Roses,Appetite For Destruction,1,11,206360,spotify:user:12137970152,2019-01-24T18:43:34Z,maybe_good,Trey,Password
spotify:track:7GbBDhN6VHUd1nssK1uXZN,Salvation,Five Finger Death Punch,The Way Of The Fist,1,3,200640,spotify:user:12137970152,2019-01-24T18:46:45Z,maybe_good,Trey,Password
spotify:track:4vls8Q0Ibq5vpzUVo00sP6,Do What You Like,Foreigner,Head Games,1,9,238800,spotify:user:12137970152,2019-01-24T18:54:46Z,maybe_good,Trey,Password
spotify:track:0bKRBCYMHTjIfjN1ZrJDHX,"I'm Bad, I'm Nationwide",ZZ Top,The Baddest,1,12,286573,spotify:user:12137970152,2019-01-24T18:56:38Z,maybe_good,Trey,Password
spotify:track:3QLwYL9Qwu8zlvuhR1HjMH,The Conjuring - Remastered,Megadeth,Peace Sells...But Who's Buying (25th Anniversary),1,2,304386,spotify:user:12137970152,2019-01-24T19:01:12Z,maybe_good,Trey,Password
spotify:track:0LcRFDUjG5avI3y8I2uj9q,Automatic Overdrive,"Slash, Myles Kennedy And The Conspirators",World On Fire,1,3,215866,spotify:user:12137970152,2019-01-24T19:01:43Z,maybe_good,Trey,Password
spotify:track:0wGZZWwMpkdpxio6sUaryz,"Damage, Inc.",Metallica,Master Of Puppets,1,8,329666,spotify:user:12137970152,2019-01-26T16:53:35Z,maybe_good,Trey,Password
spotify:track:03pJkRoQU8Lrmgc14ffJGJ,Am I Evil?,Metallica,"Garage, Inc.",1,17,470133,spotify:user:12137970152,2019-01-26T16:53:39Z,maybe_good,Trey,Password
spotify:track:4kBsYpQBUbSIQNLTDF7es2,Fade To Black (Remastered),Metallica,Ride The Lightning (Remastered),1,4,417226,spotify:user:12137970152,2019-01-26T16:54:01Z,maybe_good,Trey,Password
spotify:track:52m8IrzripYje6bVxUILQU,Hit The Lights (Remastered),Metallica,Kill 'Em All (Deluxe Remaster),1,1,255866,spotify:user:12137970152,2019-01-26T16:54:21Z,maybe_good,Trey,Password
spotify:track:3IOkrpU4MvCUif4W4ifspF,Sucker Train Blues,Velvet Revolver,Contraband,1,1,267773,spotify:user:12137970152,2019-01-26T17:34:15Z,maybe_good,Trey,Password
spotify:track:0j1IhTu6SFHF9jbQdCpPY1,Negative Creep,Velvet Revolver,Slither,1,3,257213,spotify:user:12137970152,2019-01-26T17:34:22Z,maybe_good,Trey,Password
spotify:track:2amzrvbxYiq8AxGntIiw5V,Fall to Pieces,Velvet Revolver,Contraband,1,6,271240,spotify:user:12137970152,2019-01-26T17:34:29Z,maybe_good,Trey,Password
spotify:track:1PlTjGYNKGsU7Rqi5dZZCk,Dirty Little Thing,Velvet Revolver,Contraband,1,12,236600,spotify:user:12137970152,2019-01-26T17:34:34Z,maybe_good,Trey,Password
spotify:track:7C0rG4oWO7VeZcffyW1sK9,Mr. Roboto,Styx,Kilroy Was Here,1,1,328706,spotify:user:12137970152,2019-01-26T17:53:19Z,maybe_good,Trey,Password
spotify:track:7BbRKtnrFIPG2ZeUgc3uTg,Too Much Time On My Hands,Styx,Regeneration (Vol. 1 & 2),2,6,280213,spotify:user:12137970152,2019-01-26T17:56:25Z,maybe_good,Trey,Password
spotify:track:2LmZWha7N2PcfCysqgsjjw,Alexander the Great (356-323 B.C.),Iron Maiden,Somewhere in Time,1,8,515640,spotify:user:12137970152,2019-01-26T17:58:22Z,maybe_good,Trey,Password
spotify:track:7m8hyX3t5jjTBELzd6G9LV,Animal Bar,Red Hot Chili Peppers,The Studio Album Collection 1991 - 2011,5,23,325160,spotify:user:12137970152,2019-01-26T17:59:14Z,maybe_good,Trey,Password
spotify:track:2GPsLljvlsoT229xgJ2AdT,Around The World,Red Hot Chili Peppers,The Studio Album Collection 1991 - 2011,3,1,240200,spotify:user:12137970152,2019-01-26T17:59:57Z,maybe_good,Trey,Password
spotify:track:7gzoNnmYOzGxshLtX2NONc,Bad Rain,"Slash, Myles Kennedy And The Conspirators",Apocalyptic Love,1,10,226673,spotify:user:12137970152,2019-01-26T18:08:13Z,maybe_good,Trey,Password
spotify:track:35ItUJlMtjOQW3SSiTCrrw,Crazy Little Thing Called Love - Remastered 2011,Queen,The Game (Deluxe Remastered Version),1,5,163373,spotify:user:12137970152,2019-01-26T23:47:07Z,maybe_good,Trey,Password
spotify:track:7hQJA50XrCWABAu5v6QZ4i,Don't Stop Me Now - Remastered,Queen,Jazz (Deluxe Remastered Version),1,12,209413,spotify:user:12137970152,2019-01-26T23:47:17Z,maybe_good,Trey,Password
spotify:track:4DtB1PJsbl4KAb2rZVNCUL,I Want It All - Remastered 2011,Queen,The Miracle (Deluxe Remastered Version),2,1,242093,spotify:user:12137970152,2019-01-26T23:49:14Z,maybe_good,Trey,Password
spotify:track:2LasW39KJDE4VH9hTVNpE2,Some Day One Day - Remastered 2011,Queen,Queen II (Deluxe Remastered Version),1,4,262200,spotify:user:12137970152,2019-01-26T23:53:38Z,maybe_good,Trey,Password
spotify:track:7ccI9cStQbQdystvc6TvxD,We Are The Champions - Remastered 2011,Queen,News Of The World (Deluxe Remastered Version),1,2,179200,spotify:user:12137970152,2019-01-26T23:54:23Z,maybe_good,Trey,Password
spotify:track:54flyrjcdnQdco7300avMJ,We Will Rock You - Remastered,Queen,News Of The World (Deluxe Remastered Version),1,1,122066,spotify:user:12137970152,2019-01-26T23:54:26Z,maybe_good,Trey,Password
spotify:track:08mG3Y1vljYA6bvDt4Wqkj,Back In Black,AC/DC,Back In Black,1,6,255493,spotify:user:12137970152,2019-01-26T23:55:02Z,maybe_good,Trey,Password
spotify:track:37sSud1ZrTpwXPGJP0dbXI,Fortune Faded,Red Hot Chili Peppers,Greatest Hits,1,15,201266,spotify:user:12137970152,2019-01-27T00:15:10Z,maybe_good,Trey,Password
spotify:track:7Ddg3Hu6DKe4lyxyFLhbeA,I Could Have Lied,Red Hot Chili Peppers,Blood Sugar Sex Magik (U.S. Version),1,6,244400,spotify:user:12137970152,2019-01-27T00:15:24Z,maybe_good,Trey,Password
spotify:track:1suHwrkobDEtey9rQ5wXEh,I Like Dirt,Red Hot Chili Peppers,Californication,1,10,157626,spotify:user:12137970152,2019-01-27T00:15:31Z,maybe_good,Trey,Password
spotify:track:5NykyykHDgj8a75eRUSOpx,My Friends,Red Hot Chili Peppers,The Studio Album Collection 1991 - 2011,2,4,249333,spotify:user:12137970152,2019-01-27T00:15:48Z,maybe_good,Trey,Password
spotify:track:0tp9eoX9x9RZ2STDVarBBs,Nobody Weird Like Me - Remastered,Red Hot Chili Peppers,Mother's Milk,1,5,229960,spotify:user:12137970152,2019-01-27T00:15:56Z,maybe_good,Trey,Password
spotify:track:0mGMiv6ynhxB3PkFk78nTw,One Big Mob,Red Hot Chili Peppers,The Studio Album Collection 1991 - 2011,2,7,362306,spotify:user:12137970152,2019-01-27T00:16:01Z,maybe_good,Trey,Password
spotify:track:6IshpbXajBj4iFny8FqmZF,One Hot Minute,Red Hot Chili Peppers,One Hot Minute (Deluxe Version),1,10,383760,spotify:user:12137970152,2019-01-27T00:16:07Z,maybe_good,Trey,Password
spotify:track:0ytvC9tG03obop9RXqG3af,Out In L.A. - 2002 Digital Remaster,Red Hot Chili Peppers,Red Hot Chili Peppers,1,8,120666,spotify:user:12137970152,2019-01-27T00:16:19Z,maybe_good,Trey,Password
spotify:track:0VNgwKioO0om8n9R3oBoIj,Pretty Little Ditty - Remastered,Red Hot Chili Peppers,Mother's Milk,1,10,187813,spotify:user:12137970152,2019-01-27T00:16:27Z,maybe_good,Trey,Password
spotify:track:3qXEqKdzI3MSGB1FlGMBz5,Creeping Death (Remastered),Metallica,Ride The Lightning (Remastered),1,7,395706,spotify:user:12137970152,2019-01-27T00:26:38Z,maybe_good,Trey,Password
spotify:track:5SZQ45ZPS89NEBrfromaCq,Breadfan,Metallica,"Garage, Inc.",1,19,341266,spotify:user:12137970152,2019-01-27T00:26:44Z,maybe_good,Trey,Password
spotify:track:08ZZqyOaZ4ntAmBY6A32qL,Hardwired,Metallica,Hardwired…To Self-Destruct (Deluxe),1,1,191331,spotify:user:12137970152,2019-01-27T00:28:00Z,maybe_good,Trey,Password
spotify:track:1CvoQuE26MBLWQp9UNB8w8,"Atlas, Rise!",Metallica,Hardwired…To Self-Destruct (Deluxe),1,2,388624,spotify:user:12137970152,2019-01-27T00:28:00Z,maybe_good,Trey,Password
spotify:track:2qH3RhOkM7rua2M5PW8T8A,Now That We're Dead,Metallica,Hardwired…To Self-Destruct (Deluxe),1,3,419074,spotify:user:12137970152,2019-01-27T00:28:00Z,maybe_good,Trey,Password
spotify:track:6P6qJr6lXMMqAjIFFHZh9r,Moth Into Flame,Metallica,Hardwired…To Self-Destruct (Deluxe),1,4,350644,spotify:user:12137970152,2019-01-27T00:28:00Z,maybe_good,Trey,Password
spotify:track:62r9T6tJ30yaKQHntxrL0y,Dream No More,Metallica,Hardwired…To Self-Destruct (Deluxe),1,5,389597,spotify:user:12137970152,2019-01-27T00:28:00Z,maybe_good,Trey,Password
spotify:track:1SABG47KTubx9SahfMrZRA,Halo On Fire,Metallica,Hardwired…To Self-Destruct (Deluxe),1,6,495016,spotify:user:12137970152,2019-01-27T00:28:00Z,maybe_good,Trey,Password
spotify:track:2tGlwYApuaa31NHzruefEZ,Confusion,Metallica,Hardwired…To Self-Destruct (Deluxe),2,1,401226,spotify:user:12137970152,2019-01-27T00:28:00Z,maybe_good,Trey,Password
spotify:track:34o9P9UJfdBtxEY6mSYnjp,ManUNkind,Metallica,Hardwired…To Self-Destruct (Deluxe),2,2,415599,spotify:user:12137970152,2019-01-27T00:28:00Z,maybe_good,Trey,Password
spotify:track:5QfiLL8FuqY6xpHUPIVSqX,Here Comes Revenge,Metallica,Hardwired…To Self-Destruct (Deluxe),2,3,437625,spotify:user:12137970152,2019-01-27T00:28:00Z,maybe_good,Trey,Password
spotify:track:3XHM0AL05ZyLo422R3Fa4M,Am I Savage?,Metallica,Hardwired…To Self-Destruct (Deluxe),2,4,389662,spotify:user:12137970152,2019-01-27T00:28:00Z,maybe_good,Trey,Password
spotify:track:5ERsNH9ccVcwpkTSfXNIv1,Murder One,Metallica,Hardwired…To Self-Destruct (Deluxe),2,5,345277,spotify:user:12137970152,2019-01-27T00:28:00Z,maybe_good,Trey,Password
spotify:track:3ouyKg8HpcxmoubhUCpFlF,Spit Out the Bone,Metallica,Hardwired…To Self-Destruct (Deluxe),2,6,429198,spotify:user:12137970152,2019-01-27T00:28:00Z,maybe_good,Trey,Password
spotify:track:3wb7zznyd1Ue1UHv6eMUPv,Lords of Summer,Metallica,Hardwired…To Self-Destruct (Deluxe),3,1,430000,spotify:user:12137970152,2019-01-27T00:28:00Z,maybe_good,Trey,Password
spotify:track:1BeDcrY6BrZ3xCOlXkYYAr,Ronnie Rising Medley - A Light In the Black / Tarot Woman / Stargazer / Kill the King,Metallica,Hardwired…To Self-Destruct (Deluxe),3,2,543146,spotify:user:12137970152,2019-01-27T00:28:00Z,maybe_good,Trey,Password
spotify:track:4eE0QdkPZ0vXyN9fDbCNzd,When a Blind Man Cries,Metallica,Hardwired…To Self-Destruct (Deluxe),3,3,275013,spotify:user:12137970152,2019-01-27T00:28:00Z,maybe_good,Trey,Password
spotify:track:0rriP85Dczj50b3bz8V912,Remember Tomorrow,Metallica,Hardwired…To Self-Destruct (Deluxe),3,4,350066,spotify:user:12137970152,2019-01-27T00:28:00Z,maybe_good,Trey,Password
spotify:track:51YZAJhOwIC5Gg3jMbAmhZ,For Whom The Bell Tolls (Remastered),Metallica,Ride The Lightning (Deluxe Remaster),1,3,309973,spotify:user:12137970152,2019-01-27T00:33:40Z,maybe_good,Trey,Password
spotify:track:4YPgTCGJWAlHQ5g6eWoM8r,The Four Horsemen (Remastered),Metallica,Kill 'Em All (Remastered),1,2,432546,spotify:user:12137970152,2019-01-27T00:33:43Z,maybe_good,Trey,Password
spotify:track:4OH1lqC4mx1ja8RkXMOmRp,Hit The Lights (Remastered),Metallica,Kill 'Em All (Remastered),1,1,255866,spotify:user:12137970152,2019-01-27T00:34:29Z,maybe_good,Trey,Password
spotify:track:1mbtnFSKbTmvbYxecgFb57,Invisible Kid,Metallica,St. Anger,1,5,510093,spotify:user:12137970152,2019-01-27T00:34:51Z,maybe_good,Trey,Password
spotify:track:4xyWJM4kscTROV2RESdwpd,Orion (Remastered),Metallica,Master of Puppets (Remastered Deluxe Box Set),1,7,507226,spotify:user:12137970152,2019-01-27T00:39:14Z,maybe_good,Trey,Password
spotify:track:3mNOQhKgWNgtWIq4SGND8j,Some Kind Of Monster,Metallica,St. Anger,1,3,505546,spotify:user:12137970152,2019-01-27T00:40:30Z,maybe_good,Trey,Password
spotify:track:4k1IS2uF2dGcU3GzOOZqqb,Whiplash (Remastered),Metallica,Kill 'Em All (Remastered),1,6,248546,spotify:user:12137970152,2019-01-27T00:42:02Z,maybe_good,Trey,Password
spotify:track:5s2iMB6rN20tCQMmtuzuNa,Breadfan,Metallica,"Garage, Inc.",1,19,341266,spotify:user:12137970152,2019-01-27T01:00:38Z,maybe_good,Trey,Password
spotify:track:5PZ03nZ4rF3dG1QH7NeXMp,"Damage, Inc. (Remastered)",Metallica,Master of Puppets (Remastered),1,8,332466,spotify:user:12137970152,2019-01-27T01:00:52Z,maybe_good,Trey,Password
spotify:track:7a5jyBpaDWt9q1dEK5n8U2,Harvester of Sorrow (Remastered),Metallica,...And Justice for All (Remastered Deluxe Box Set),1,6,345283,spotify:user:12137970152,2019-01-27T01:01:13Z,maybe_good,Trey,Password
spotify:track:6DZvUYZf9PGKTj3P1uPcDu,One Last Thrill,"Slash, Myles Kennedy And The Conspirators",Apocalyptic Love,1,2,189546,spotify:user:12137970152,2019-02-02T17:09:59Z,maybe_good,Trey,Password
spotify:track:1LWhQh64LN7Zy5GxowpXSN,Dying Breed,Five Finger Death Punch,War Is The Answer,1,1,174800,spotify:user:12137970152,2019-02-02T17:14:39Z,maybe_good,Trey,Password
spotify:track:7MdqStZphq1x5yTXfqgD5U,California,Hollywood Undead,Swan Songs,1,10,196786,spotify:user:12137970152,2019-02-02T17:26:02Z,maybe_good,Trey,Password
spotify:track:1eCfJV7yR6MdwlHZ8AJeQ3,Polly,Nirvana,Nevermind (Deluxe Edition),1,6,173853,spotify:user:12137970152,2019-02-02T17:36:35Z,maybe_good,Trey,Password
spotify:track:1MjCvnob720XbcxplOpaL6,Fast As I Can,Stone Temple Pilots,Stone Temple Pilots,1,10,213586,spotify:user:12137970152,2019-02-02T17:39:31Z,maybe_good,Trey,Password
spotify:track:0ISMviNEBTsOAW270VTRPn,Inflatable,Bush,Golden State (U.S. Version),1,7,261560,spotify:user:12137970152,2019-02-02T17:43:36Z,maybe_good,Trey,Password
spotify:track:7ftmYVN6VQMJ1PgzcHkkfg,All Within My Hands,Metallica,St. Anger,1,11,525893,spotify:user:12137970152,2019-02-02T18:20:10Z,maybe_good,Trey,Password
spotify:track:0E6LTe4d2TNHDcWIFAjCm5,The Epic (Carouselambra) - Rough Mix,Led Zeppelin,In Through The Out Door (Deluxe Edition),2,5,648866,spotify:user:12137970152,2019-02-02T18:29:08Z,maybe_good,Trey,Password
spotify:track:4zCSQO7F8z4Jc6C3cWlCcB,Apache Rose Peacock,Red Hot Chili Peppers,The Studio Album Collection 1991 - 2011,1,13,281840,spotify:user:12137970152,2019-02-02T18:34:42Z,maybe_good,Trey,Password
spotify:track:7rBu0fbwn7qDzIqq93vWFp,Fuzzbox Voodoo,ZZ Top,Antenna,1,4,282000,spotify:user:12137970152,2019-02-02T19:52:30Z,maybe_good,Trey,Password
spotify:track:6Re2AwZUVlgBng04BZTauW,Cool Cat - Remastered 2011,Queen,Hot Space (Deluxe Remastered Version),1,10,209106,spotify:user:12137970152,2019-02-02T20:13:41Z,maybe_good,Trey,Password
spotify:track:1s8YWgAwKQVzgkptAAlBkt,These Walls,Dream Theater,Octavarium (U.S. Version),1,3,419573,spotify:user:12137970152,2019-02-02T20:44:26Z,maybe_good,Trey,Password
spotify:track:2O2ii9OPZYh1NBXo9FtE0Y,Check My Brain,Alice In Chains,Black Gives Way To Blue,1,2,237906,spotify:user:12137970152,2019-02-02T20:52:53Z,maybe_good,Trey,Password
spotify:track:4p7UTmlk9FkoBS0PqUe8mK,Buried Alive - Remastered Version,Black Sabbath,The Rules of Hell,1,41,293400,spotify:user:12137970152,2019-02-02T20:59:27Z,maybe_good,Trey,Password
spotify:track:5WEVc0PDiMTT0nIDcEXKcw,Lonely,Foreigner,Can't Slow Down,1,10,208533,spotify:user:12137970152,2019-02-02T21:11:51Z,maybe_good,Trey,Password
spotify:track:0YpWHCssEj4f8OiBWEKNQn,Just Let Me Breathe,Dream Theater,Falling Into Infinity,1,9,328640,spotify:user:12137970152,2019-02-02T21:39:43Z,maybe_good,Trey,Password
spotify:track:71RbfX7M0i6ueXWB8wdoi4,Remember High School,Macklemore,The Language of My World,1,16,248666,spotify:user:12137970152,2019-02-04T21:29:55Z,maybe_good,Trey,Password
spotify:track:7tlFkEJZXoZmMbY8erwRN2,The Magic,Macklemore,The Language of My World,1,13,262613,spotify:user:12137970152,2019-02-04T21:35:13Z,maybe_good,Trey,Password
spotify:track:3LMBDHdxjHWkYS0cICXRa7,Contradiction,Macklemore,The Language of My World,1,17,268706,spotify:user:12137970152,2019-02-04T21:38:41Z,maybe_good,Trey,Password
spotify:track:1jcSttQBrx05TkPgnB9vZl,Penis Song,Macklemore,The Language of My World,1,12,213440,spotify:user:12137970152,2019-02-05T02:49:50Z,maybe_good,Trey,Password
spotify:track:3kzaWTWv3X9htfwzUzBiAD,The Red And The Black,Iron Maiden,The Book Of Souls,1,4,813713,spotify:user:12137970152,2019-02-13T06:06:14Z,maybe_good,Trey,Password
spotify:track:1gyee1JuFFiP476LQpRMYU,The Red,Chevelle,Wonder What's Next,1,5,238400,spotify:user:12137970152,2019-02-13T06:31:33Z,maybe_good,Trey,Password
spotify:track:0s1xXjUXDmiksRb6apcvL7,The Gift,Bush,Man on the Run (Deluxe Version),1,4,289640,spotify:user:12137970152,2019-02-24T02:50:14Z,maybe_good,Trey,Password
spotify:track:1Ko4C8pxQNH9OdrU4ifL7z,I Need Another Drink,Hinder,When The Smoke Clears,1,10,200750,spotify:user:12137970152,2019-02-24T03:05:44Z,maybe_good,Trey,Password
spotify:track:7wkMLh8NnZA1BmKNyBDUfV,Stylo (feat. Mos Def and Bobby Womack),"Gorillaz, Mos Def, Bobby Womack",Stylo (feat. Mos Def and Bobby Womack),1,1,270520,spotify:user:12137970152,2019-02-24T03:08:13Z,maybe_good,Trey,Password
spotify:track:1BHuqBlRXw9MC1scsNCdXS,Bullet To The Brain,Megadeth,Dystopia,1,5,269280,spotify:user:12137970152,2019-02-24T23:47:17Z,maybe_good,Trey,Password
spotify:track:7nemcVsXVFZF01iqpIIo2Y,It's a Long Way to the Top (If You Wanna Rock 'N' Roll),AC/DC,High Voltage,1,1,301226,spotify:user:12137970152,2019-02-25T02:00:23Z,maybe_good,Trey,Password
spotify:track:1wPhx62DRpvULqckrdWlIt,What the Hell Have I,Alice In Chains,Nothing Safe - The Best Of The Box,1,12,237160,spotify:user:12137970152,2019-02-28T00:57:32Z,maybe_good,Trey,Password
spotify:track:2oNYsdCasRRlz1shXFAz7D,LOST IN THE ECHO,Linkin Park,LIVING THINGS,1,1,205120,spotify:user:12137970152,2019-02-28T01:01:24Z,maybe_good,Trey,Password
spotify:track:0snQkGI5qnAmohLE7jTsTn,Toxicity,System Of A Down,Toxicity,1,12,218933,spotify:user:12137970152,2019-02-28T01:01:35Z,maybe_good,Trey,Password
spotify:track:5frNnyWkKzKdiKPLhkdY9L,Vendetta,Slipknot,All Hope Is Gone,1,6,315506,spotify:user:12137970152,2019-02-28T01:03:59Z,maybe_good,Trey,Password
spotify:track:3i8TstjJck3vHAohHEfgCh,Remember,Disturbed,Believe (PA Version),1,5,248426,spotify:user:12137970152,2019-02-28T01:10:23Z,maybe_good,Trey,Password
spotify:track:65V6FjfmyI1UgsfimPVUsx,Fallen Angel,Styx,Brave New World,1,7,289373,spotify:user:12137970152,2019-02-28T01:16:43Z,maybe_good,Trey,Password
spotify:track:4lU7OMm9xWPNjusCWVJcPY,Elysian Fields,Megadeth,Youthanasia,1,5,242600,spotify:user:12137970152,2019-02-28T01:18:07Z,maybe_good,Trey,Password
spotify:track:1zjKtFI8jJjK0cbrRDUro6,Homicidal Suicidal - Friday Rock Show BBC Sessions,Soundgarden,Echo Of Miles: Scattered Tracks Across The Path,2,11,260426,spotify:user:12137970152,2019-02-28T01:23:19Z,maybe_good,Trey,Password
spotify:track:6CyVqwjJ5WuIRKHpqvF4Wr,Prophets Of War,Dream Theater,Systematic Chaos,1,6,360706,spotify:user:12137970152,2019-02-28T01:24:54Z,maybe_good,Trey,Password